uid,ingested_date,localid,ts,lat,lng
295c302c-8a43-4d05-9254-ef3990061be3,2019-07-02,8aba4253-319a-4efb-952a-6e765c273471,1561909046,34.04901794157922,-118.4134821407497
5b31c75d-5711-4e22-9e59-5e0e11e40e3e,2019-07-02,8aba4253-319a-4efb-952a-6e765c273471,1561925750,34.04908902011812,-118.4134261496365
9e604423-a975-4bab-a7da-2b549a2d95cf,2019-07-02,8aba4253-319a-4efb-952a-6e765c273471,1561925766,34.049083990976214,-118.4134160913527
a0b975dd-a5d8-413a-bc20-52e481393101,2019-07-02,8aba4253-319a-4efb-952a-6e765c273471,1561937070,34.049084996804595,-118.41341709718108
f81fda61-a4dc-4be7-8360-cb0a11587c1b,2019-07-02,8aba4253-319a-4efb-952a-6e765c273471,1561937098,34.04899095185101,-118.41349387541413
266ebf07-4a14-4b54-889d-2fc71091d9f1,2019-07-02,8aba4253-319a-4efb-952a-6e765c273471,1561937118,34.04946201480925,-118.41353913769126
01ad8310-6e84-4013-98dd-a6dd0f93c93d,2019-07-02,8aba4253-319a-4efb-952a-6e765c273471,1561937790,34.048140021041036,-118.4156041033566
0047855a-3375-42b3-a921-d649ac19e42a,2019-07-02,8aba4253-319a-4efb-952a-6e765c273471,1561918422,34.04901794157922,-118.4134821407497
d5197d61-c650-4030-b248-866e57641327,2019-07-02,8aba4253-319a-4efb-952a-6e765c273471,1561891270,34.04899983666837,-118.41300202533603
c408cb32-ded2-4e85-92ec-15aca8dea0df,2019-07-02,8aba4253-319a-4efb-952a-6e765c273471,1561891274,34.04906907118857,-118.41345699504018
48147dec-2335-4dd3-b60c-a518c8c3296b,2019-07-02,8aba4253-319a-4efb-952a-6e765c273471,1561891298,34.04907393269241,-118.41344693675637
180d0c0e-dce7-42bc-86fb-386bd14eb21b,2019-07-02,8aba4253-319a-4efb-952a-6e765c273471,1561892202,34.04907393269241,-118.41344693675637
52f50e36-f419-4dcf-b738-8b145f01cb32,2019-07-02,8aba4253-319a-4efb-952a-6e765c273471,1561901182,34.04907493852079,-118.41341508552432
14807319-608e-4919-b7c2-713c636e0c8a,2019-07-02,8aba4253-319a-4efb-952a-6e765c273471,1561908858,34.04907493852079,-118.41341508552432
87e8f702-6951-4829-9a36-66d3b60819b6,2019-07-02,8aba4253-319a-4efb-952a-6e765c273471,1561925745,34.04908902011812,-118.4134261496365
d893e245-f1e4-47c8-ab88-58dbcf5ddd4d,2019-07-02,8aba4253-319a-4efb-952a-6e765c273471,1561891277,34.04904962517321,-118.41344492509961
2ab7817b-11b8-4f9b-b956-1620e3525c61,2019-07-02,8aba4253-319a-4efb-952a-6e765c273471,1561891293,34.04907896183431,-118.41349387541413
6c33e770-90a7-4453-98d7-87b6162e813c,2019-07-02,8aba4253-319a-4efb-952a-6e765c273471,1561891301,34.04907393269241,-118.41344693675637
8ff2b7bd-fd4e-4933-8ebc-519159a62718,2019-07-02,8aba4253-319a-4efb-952a-6e765c273471,1561891309,34.04907393269241,-118.41344693675637
3bab931b-7a79-4b55-a076-fdc81ab30787,2019-07-02,8aba4253-319a-4efb-952a-6e765c273471,1561937425,34.049857975915074,-118.41484604403377
57465b8e-eef3-409e-a19f-b265571d75c9,2019-07-02,8aba4253-319a-4efb-952a-6e765c273471,1561892233,34.0490519721061,-118.41343821957707
cd9b59a8-f85e-4903-baff-6b6d0e2eeec1,2019-07-02,8aba4253-319a-4efb-952a-6e765c273471,1561938137,34.049045937135816,-118.41339999809861
3b4ec4d1-593b-4969-92d3-fe1ab09893a6,2019-07-02,8aba4253-319a-4efb-952a-6e765c273471,1561912823,34.04901794157922,-118.4134821407497
b43e0c82-f574-4c7c-8ece-f5a352d5bb9e,2019-07-02,8aba4253-319a-4efb-952a-6e765c273471,1561891295,34.04907393269241,-118.41344693675637
52d1550d-f05d-451c-ab8e-3b619280e7ef,2019-07-02,8aba4253-319a-4efb-952a-6e765c273471,1561937843,34.04853195883334,-118.41497210785747
6c5cc167-2a31-4578-afd1-0f825255e928,2019-07-02,8aba4253-319a-4efb-952a-6e765c273471,1561937975,34.04896295629442,-118.41410407796502
bcb5c13f-af83-41e1-a149-fc6bebda2cfe,2019-07-02,8aba4253-319a-4efb-952a-6e765c273471,1561938171,34.04903403483331,-118.41340402141213
379d9d48-cbaf-4ba9-a190-dfaeaa3a278e,2019-07-02,8aba4253-319a-4efb-952a-6e765c273471,1561892435,34.04907493852079,-118.41341508552432
80cbf222-757a-4def-a4aa-24e9855184a0,2019-07-02,8aba4253-319a-4efb-952a-6e765c273471,1561900983,34.04907493852079,-118.41341508552432
bb20732c-6212-439a-8b2e-b882bf484d13,2019-07-02,8aba4253-319a-4efb-952a-6e765c273471,1561891271,34.04904174618423,-118.4134573303163
59d0c964-fb5c-47a7-b5ac-980bf85f0c6a,2019-07-02,8aba4253-319a-4efb-952a-6e765c273471,1561925748,34.049072256311774,-118.4134261496365
f2a95d7f-5196-4420-8a74-5d69c07b3bd8,2019-07-02,8aba4253-319a-4efb-952a-6e765c273471,1561937788,34.04809593223035,-118.41561214998364
b7806979-f00a-4edc-a278-c05570bef497,2019-07-02,8aba4253-319a-4efb-952a-6e765c273471,1561938052,34.0494869928807,-118.41351902112365
13ee4a4d-2a85-4833-b287-ff521e2dfad6,2019-07-02,8aba4253-319a-4efb-952a-6e765c273471,1561931784,34.049063036218286,-118.4134348668158
1e762066-3871-4bad-8e0a-20f9690b5279,2019-07-02,8aba4253-319a-4efb-952a-6e765c273471,1561936748,34.04894803650677,-118.41335305944085
dff681fc-c07a-4810-961e-dd73d9ef3ed8,2019-07-02,8aba4253-319a-4efb-952a-6e765c273471,1561938120,34.049469055607915,-118.41351902112365
6397a2e1-5e14-4426-9a84-37eb2f14861e,2019-07-02,8aba4253-319a-4efb-952a-6e765c273471,1561937420,34.04985093511641,-118.41493288055062
e73305bb-b731-4274-bcaf-4ff14bc57dad,2019-07-02,8aba4253-319a-4efb-952a-6e765c273471,1561891284,34.04860001988709,-118.44240004196763
59aed5b4-f92b-4145-b3d3-c49e65847ce6,2019-07-02,8aba4253-319a-4efb-952a-6e765c273471,1561913016,34.04901794157922,-118.4134821407497
7a46e47a-bd83-4404-91c0-b6102d003d5f,2019-07-03,8aba4253-319a-4efb-952a-6e765c273471,1561957520,34.04910293407738,-118.41342413797975
1e9c69e6-e466-4f73-9111-717805e0cf01,2019-07-03,8aba4253-319a-4efb-952a-6e765c273471,1561958336,34.04910276643932,-118.41343989595771
4d77bbd4-1d01-4711-b069-33004506b0a8,2019-07-03,8aba4253-319a-4efb-952a-6e765c273471,1561958384,34.04902799986303,-118.41336915269494
456ce364-f778-45e0-bc2b-e3fd3e57b758,2019-07-03,8aba4253-319a-4efb-952a-6e765c273471,1561941988,34.047210635617375,-118.41754669323564
8d59bfb0-4844-441f-b70f-151ec0e7adc4,2019-07-03,8aba4253-319a-4efb-952a-6e765c273471,1561880616,34.04854620806873,-118.4136631898582
a6ec8054-b882-45ad-b723-77e30a217b18,2019-07-03,8aba4253-319a-4efb-952a-6e765c273471,1561942036,34.05284998007119,-118.42215003445745
7c007828-f042-46f5-ace3-2cb9b8265365,2019-07-03,8aba4253-319a-4efb-952a-6e765c273471,1561942040,34.05358892865479,-118.42290306463838
d2604e98-0277-4698-a4c5-cbc98d8af24c,2019-07-03,8aba4253-319a-4efb-952a-6e765c273471,1561942052,34.055175790563226,-118.42317396774888
b1edbbb4-4055-4c4f-a0d3-4f4fd8d52968,2019-07-03,8aba4253-319a-4efb-952a-6e765c273471,1561949220,34.049040069803596,-118.41337786987424
2025ea91-8263-4b6c-9b31-8e1e1b483da0,2019-07-03,8aba4253-319a-4efb-952a-6e765c273471,1561942240,34.05022292397916,-118.43730384483933
baffdd9b-1215-4228-851b-ab2f0b4766ea,2019-07-03,8aba4253-319a-4efb-952a-6e765c273471,1561942244,34.05065895058215,-118.43776116147637
7edc3e83-a347-4ede-b2d0-a6098bc28f1d,2019-07-03,8aba4253-319a-4efb-952a-6e765c273471,1561942256,34.05240506865084,-118.43926789239049
70d81370-daf9-4ff8-8375-1600652e26ed,2019-07-03,8aba4253-319a-4efb-952a-6e765c273471,1561942312,34.05504805035889,-118.44154508784413
36676791-5a80-4724-850a-ae765f733360,2019-07-03,8aba4253-319a-4efb-952a-6e765c273471,1561942364,34.05836191959679,-118.44325901940465
31346894-04aa-4844-9f6b-1bb9b90360d6,2019-07-03,8aba4253-319a-4efb-952a-6e765c273471,1561942496,34.06012496910989,-118.4457048587501
0601f8ed-ee4a-431d-a805-cc724d031eff,2019-07-03,8aba4253-319a-4efb-952a-6e765c273471,1561942520,34.06054004095495,-118.44602605327964
584e5b53-7923-4dad-a13a-90f24edbbc5c,2019-07-03,8aba4253-319a-4efb-952a-6e765c273471,1561944956,34.05960495583713,-118.44460414722562
0029d6b3-d46e-4932-a6be-eab17e8e6290,2019-07-03,8aba4253-319a-4efb-952a-6e765c273471,1561945048,34.05973001383245,-118.44458805397153
33af7ac2-85c4-4d06-a42b-1d7a6b6345bb,2019-07-03,8aba4253-319a-4efb-952a-6e765c273471,1561950768,34.04907192103565,-118.41339496895671
c1e8fd93-f6ff-4dd4-93cf-513dc5f06829,2019-07-03,8aba4253-319a-4efb-952a-6e765c273471,1561950948,34.04907007701695,-118.4134298376739
4701944f-29b1-483c-be5d-23234737fabc,2019-07-03,8aba4253-319a-4efb-952a-6e765c273471,1561951444,34.05048896558583,-118.41659585013986
b569c388-b99e-46fa-8d14-da762aaad46d,2019-07-03,8aba4253-319a-4efb-952a-6e765c273471,1561951584,34.049060018733144,-118.41337686404586
c9a3b400-6e4f-4ef0-8723-8acb68d70ab7,2019-07-03,8aba4253-319a-4efb-952a-6e765c273471,1561951692,34.04907192103565,-118.41339496895671
8231fb98-23cb-40a1-9c4b-9878cd51a0b5,2019-07-03,8aba4253-319a-4efb-952a-6e765c273471,1561945524,34.061000039801,-118.44546413049102
5ab7fa58-7e8e-424b-9b4a-5ca00920a1e3,2019-07-03,8aba4253-319a-4efb-952a-6e765c273471,1561945552,34.061158960685134,-118.44594793394208
9295ae19-942b-4d37-8605-ec2b3547a105,2019-07-03,8aba4253-319a-4efb-952a-6e765c273471,1561945556,34.06033200211823,-118.44573503360152
110f36a8-2f84-43ab-9404-d037b55d5456,2019-07-03,8aba4253-319a-4efb-952a-6e765c273471,1561945668,34.06060206703842,-118.44680288806558
99f28e75-131f-4f3a-aa25-a050eb4e4f27,2019-07-03,8aba4253-319a-4efb-952a-6e765c273471,1561945776,34.06176899559796,-118.44775205478072
98febb91-a5a5-45f4-8299-c6990ba79998,2019-07-03,8aba4253-319a-4efb-952a-6e765c273471,1561945828,34.06230493448675,-118.44717906787992
102cbdb3-a2ea-45d9-b9ec-773d805da692,2019-07-03,8aba4253-319a-4efb-952a-6e765c273471,1561945860,34.06216093339026,-118.44547184184194
a879744d-abc5-4125-9d60-e74503518d02,2019-07-03,8aba4253-319a-4efb-952a-6e765c273471,1561945864,34.06157302670181,-118.44549095258117
c0d71853-46bd-481b-8bf3-0de273eac3a9,2019-07-03,8aba4253-319a-4efb-952a-6e765c273471,1561937844,34.04852005653083,-118.41498015448451
cc54fc27-f122-4d67-9ecf-46f18fa1fc35,2019-07-03,8aba4253-319a-4efb-952a-6e765c273471,1561945896,34.06012496910989,-118.4457048587501
511e251c-4cd7-4b91-be06-db264d9ed04d,2019-07-03,8aba4253-319a-4efb-952a-6e765c273471,1561945904,34.05906298197806,-118.44426115974784
87761bf8-ceaa-4935-bb4b-69d68d39b73b,2019-07-03,8aba4253-319a-4efb-952a-6e765c273471,1561945964,34.05458805151284,-118.44110889360309
0ef54921-4d05-4120-9eef-4ba4bd9d25a5,2019-07-03,8aba4253-319a-4efb-952a-6e765c273471,1561945968,34.053551042452455,-118.44025293365121
da79317e-5e15-421b-a2cc-47fc8150e88a,2019-07-03,8aba4253-319a-4efb-952a-6e765c273471,1561945976,34.05309506691992,-118.43986099585891
f0825b58-b7a9-4b9d-b091-b8e66db749ea,2019-07-03,8aba4253-319a-4efb-952a-6e765c273471,1561937976,34.04895004816353,-118.4141101129353
3fcf77b2-66db-42db-9792-0fa130cb4804,2019-07-03,8aba4253-319a-4efb-952a-6e765c273471,1561945988,34.05154994688928,-118.43858292326331
a9b26df6-c266-4d85-a675-addfcc52b901,2019-07-03,8aba4253-319a-4efb-952a-6e765c273471,1561945992,34.051087936386466,-118.43813197687268
5a258965-631b-4385-b62c-0bc808c9b563,2019-07-03,8aba4253-319a-4efb-952a-6e765c273471,1561946232,34.044741997495294,-118.43030596151948
096d51c3-61c1-45b7-a1ee-cf9ee2b354a4,2019-07-03,8aba4253-319a-4efb-952a-6e765c273471,1561946236,34.04507995583117,-118.42973900958896
69a7b480-3416-4fe6-af56-c74904a7e4e1,2019-07-03,8aba4253-319a-4efb-952a-6e765c273471,1561946292,34.04883706010878,-118.42326315119863
40cceb7a-0bdd-4c0e-b196-32f437b10959,2019-07-03,8aba4253-319a-4efb-952a-6e765c273471,1561946464,34.05007506720722,-118.41441789641976
11b984c8-ea2b-4663-a43a-f0b06a2c384b,2019-07-03,8aba4253-319a-4efb-952a-6e765c273471,1561946520,34.048675959929824,-118.41377986595035
f192bc48-731a-4244-bda0-b6d8f1bd673b,2019-07-03,8aba4253-319a-4efb-952a-6e765c273471,1561946604,34.049494033679366,-118.41346805915236
d79061e3-44cc-4d58-9ceb-0d963681aeb3,2019-07-03,8aba4253-319a-4efb-952a-6e765c273471,1561946796,34.049061024561524,-118.41333797201514
bb3d89dd-6735-4abe-9361-8ade7a2452b1,2019-07-03,8aba4253-319a-4efb-952a-6e765c273471,1561947408,34.04907007701695,-118.41337384656072
b36181b9-009b-4031-9cfe-489e7ab9f387,2019-07-03,8aba4253-319a-4efb-952a-6e765c273471,1561941716,34.04900302179158,-118.41327091678977
99ed6ec9-c40e-485a-9d3f-85f079fbaa8f,2019-07-03,8aba4253-319a-4efb-952a-6e765c273471,1561947520,34.04907192103565,-118.41339798644185
8add9a3a-fba5-4cb2-bc8c-a7625f288772,2019-07-03,8aba4253-319a-4efb-952a-6e765c273471,1561947704,34.0490900259465,-118.41336714103818
7f835380-db32-4960-a5d4-435cf7e961f4,2019-07-03,8aba4253-319a-4efb-952a-6e765c273471,1561947788,34.05018302612007,-118.41694286093116
18bfe2fd-da42-498a-b6a8-6f3d553f264d,2019-07-03,8aba4253-319a-4efb-952a-6e765c273471,1561947808,34.04907896183431,-118.41334300115705
afd17357-7202-4afc-8c2e-fe139fb3cb48,2019-07-03,8aba4253-319a-4efb-952a-6e765c273471,1561885384,34.04865735210478,-118.41334635391831
ee6d121d-97b1-4480-b9ff-2ab8317b691f,2019-07-03,8aba4253-319a-4efb-952a-6e765c273471,1561956312,34.049011236056685,-118.41344023123384
744d892b-6e1e-4fdf-ab63-553bcf37c042,2019-07-03,8aba4253-319a-4efb-952a-6e765c273471,1561957232,34.0491349529475,-118.4133899398148
51abb959-eb79-458f-85e9-001f294b9fec,2019-07-03,8aba4253-319a-4efb-952a-6e765c273471,1561878349,34.04854620806873,-118.4136631898582
df3c9381-b269-411f-ab86-7dbafa457e59,2019-07-03,8aba4253-319a-4efb-952a-6e765c273471,1561882349,34.04865735210478,-118.41334635391831
181f8a1f-ff27-4e90-85e8-c039633fe0df,2019-07-03,8aba4253-319a-4efb-952a-6e765c273471,1561890877,34.04854620806873,-118.4136631898582
0321305f-247d-4378-8160-c6f8c919dda4,2019-07-03,8aba4253-319a-4efb-952a-6e765c273471,1561925769,34.049083990976214,-118.4134160913527
6efa9dd1-7f46-4f47-a829-927117e381c6,2019-07-03,8aba4253-319a-4efb-952a-6e765c273471,1561926669,34.049083990976214,-118.4134160913527
6f51c86f-d3d3-419f-9ad2-e6c78e26f6be,2019-07-03,8aba4253-319a-4efb-952a-6e765c273471,1561935073,34.049062030389905,-118.41343386098742
10384913-511a-4481-a2b4-204e92e70717,2019-07-03,8aba4253-319a-4efb-952a-6e765c273471,1561936937,34.04907192103565,-118.41341709718108
e3c86170-942d-4e97-811c-ade2465ec8d4,2019-07-03,8aba4253-319a-4efb-952a-6e765c273471,1561938133,34.049469055607915,-118.41351902112365
dcae47ba-84b3-4fac-9212-176afcb4c487,2019-07-03,8aba4253-319a-4efb-952a-6e765c273471,1561938305,34.04901106841862,-118.41339899227023
0255e651-e978-46b4-8e45-894723b8ed99,2019-07-03,8aba4253-319a-4efb-952a-6e765c273471,1561939885,34.04909103177488,-118.41344291344285
1c637988-1c91-4456-ae2b-704ac99462b8,2019-07-03,8aba4253-319a-4efb-952a-6e765c273471,1561941725,34.04910276643932,-118.41339597478509
2db09502-92e0-494d-bd95-d9e96d9d1767,2019-07-03,8aba4253-319a-4efb-952a-6e765c273471,1561941773,34.04901006259024,-118.41339999809861
897c8151-c606-48fe-9f75-f386093bcd11,2019-07-03,8aba4253-319a-4efb-952a-6e765c273471,1561941905,34.04916797764599,-118.41348884627223
e0927d44-67d7-4cc0-90c2-fc753460f645,2019-07-03,8aba4253-319a-4efb-952a-6e765c273471,1561942025,34.05164801515639,-118.42148685827851
5535d921-7597-43b0-a7a3-fc55d4560489,2019-07-03,8aba4253-319a-4efb-952a-6e765c273471,1561942033,34.05163594521582,-118.42148585245013
b72223b7-6ec5-4f68-ba5d-cc93f16eac0c,2019-07-03,8aba4253-319a-4efb-952a-6e765c273471,1561942037,34.05284998007119,-118.42215003445745
1aab1c2c-1300-4cd3-a3f5-80580d0929a1,2019-07-03,8aba4253-319a-4efb-952a-6e765c273471,1561942053,34.05567501671612,-118.42327890917659
344a0c73-1624-43f3-9902-84942fd29824,2019-07-03,8aba4253-319a-4efb-952a-6e765c273471,1561942069,34.05705903656781,-118.42351796105504
de3e9766-5dd3-4f11-880e-e70e103fef9d,2019-07-03,8aba4253-319a-4efb-952a-6e765c273471,1561942097,34.058600971475244,-118.42461096122861
6258b52b-b2b5-4893-bf4f-1bdb1b5c5385,2019-07-03,8aba4253-319a-4efb-952a-6e765c273471,1561942101,34.05637406744063,-118.42623604461551
40f55cc2-ad91-4324-8432-ea0e4878c3ca,2019-07-03,8aba4253-319a-4efb-952a-6e765c273471,1561942109,34.05609126202762,-118.42649655416608
f250faf8-43ff-4fd8-815a-07ec89cd81d7,2019-07-03,8aba4253-319a-4efb-952a-6e765c273471,1561942129,34.05380501411855,-118.42972895130515
0107f1da-b18a-4bab-b9d0-453102cce883,2019-07-03,8aba4253-319a-4efb-952a-6e765c273471,1561942209,34.0497909206897,-118.43499211594462
9e94f327-5f80-4ec9-bbbd-062d218307a0,2019-07-03,8aba4253-319a-4efb-952a-6e765c273471,1561942253,34.05195596627891,-118.43888098374009
7d6dc086-ab2d-46dd-bcd9-6704f3f3c75f,2019-07-03,8aba4253-319a-4efb-952a-6e765c273471,1561942489,34.059307062998414,-118.44540009275079
2b1e6e61-734d-4241-bc9d-8177687b47e2,2019-07-03,8aba4253-319a-4efb-952a-6e765c273471,1561942493,34.05876106582582,-118.44556605443358
6e94f022-3ce5-4a1d-a222-5783fe6bd302,2019-07-03,8aba4253-319a-4efb-952a-6e765c273471,1561942513,34.06055194325745,-118.4465809352696
0a160695-8517-46e1-931c-b133432d55ac,2019-07-03,8aba4253-319a-4efb-952a-6e765c273471,1561942757,34.059826070442796,-118.44612898305058
ba4314fb-5368-49b0-9708-a9afb8a4cd06,2019-07-03,8aba4253-319a-4efb-952a-6e765c273471,1561944737,34.06015899963677,-118.44657389447093
c50909e9-0189-4fb5-864d-d876762eb751,2019-07-03,8aba4253-319a-4efb-952a-6e765c273471,1561944825,34.060348933562636,-118.44557410106063
c0191aeb-053d-4f15-b1cc-8b819ab295e2,2019-07-03,8aba4253-319a-4efb-952a-6e765c273471,1561944885,34.05998499132693,-118.44375589862466
036364ff-95c1-4e4b-8dd4-cb2ef556925c,2019-07-03,8aba4253-319a-4efb-952a-6e765c273471,1561944889,34.05977091751993,-118.44521200284362
cd7ae486-a0b6-4850-82f4-aa7117994e80,2019-07-03,8aba4253-319a-4efb-952a-6e765c273471,1561944941,34.05960193835199,-118.44449216499925
56b05f32-94e3-4449-97a3-e66028d1df50,2019-07-03,8aba4253-319a-4efb-952a-6e765c273471,1561944945,34.05953102745116,-118.44443215057254
e30d8931-59c0-4b6b-a2c0-324925260fc3,2019-07-03,8aba4253-319a-4efb-952a-6e765c273471,1561945317,34.059072034433484,-118.44431916251779
c9da571e-6eae-45b8-b8cb-fa29c974a042,2019-07-03,8aba4253-319a-4efb-952a-6e765c273471,1561945473,34.05994107015431,-118.4444428794086
8f56e64c-10c4-4532-9c14-5c1694d3fd3e,2019-07-03,8aba4253-319a-4efb-952a-6e765c273471,1561945525,34.060040982440114,-118.4453390724957
adcb577d-38aa-4a56-8a2f-a9e19f89771b,2019-07-03,8aba4253-319a-4efb-952a-6e765c273471,1561945549,34.06063207425177,-118.44565087929368
c01f418d-1997-49e3-a89e-6283bf2cf2aa,2019-07-03,8aba4253-319a-4efb-952a-6e765c273471,1561945577,34.06051003374159,-118.44591809436679
f0275652-822f-4c5e-91ab-f5428e298f23,2019-07-03,8aba4253-319a-4efb-952a-6e765c273471,1561945665,34.06065705232322,-118.44685385003686
a7f65763-e033-4618-90c8-f895ad3489dd,2019-07-03,8aba4253-319a-4efb-952a-6e765c273471,1561945821,34.062380036339164,-118.4473349712789
ae97bc5c-c1f8-4b2e-83ba-f4394d193c28,2019-07-03,8aba4253-319a-4efb-952a-6e765c273471,1561945841,34.06258991919458,-118.44671605154872
dca9212a-c3d1-4eec-be92-84f6d02f8427,2019-07-03,8aba4253-319a-4efb-952a-6e765c273471,1561945845,34.06259695999324,-118.44627315178514
83684bcb-3833-4306-a161-e0c0c1268714,2019-07-03,8aba4253-319a-4efb-952a-6e765c273471,1561945917,34.057867052033544,-118.4432509727776
57e239aa-79d8-4776-9ab7-6bd00f57373f,2019-07-03,8aba4253-319a-4efb-952a-6e765c273471,1561945969,34.05440096743405,-118.44097612425685
bb6c65f6-b1f8-4d35-a755-81beed749955,2019-07-03,8aba4253-319a-4efb-952a-6e765c273471,1561946205,34.04403707943857,-118.43151899054646
998bf89a-5533-40e5-a130-5744022e4946,2019-07-03,8aba4253-319a-4efb-952a-6e765c273471,1561946225,34.04406507499516,-118.43121087178588
a0906027-9d69-45b7-b4e3-1680aac39da0,2019-07-03,8aba4253-319a-4efb-952a-6e765c273471,1561946289,34.04854905791581,-118.42378886416554
90c35307-5d0b-4be1-8423-1e1991e61f86,2019-07-03,8aba4253-319a-4efb-952a-6e765c273471,1561946301,34.04958204366267,-118.4215341322124
1017ca9c-5fe0-4682-b40c-8e3ee2a745c5,2019-07-03,8aba4253-319a-4efb-952a-6e765c273471,1561946305,34.049943974241614,-118.42101814225316
f5d9878f-2741-4c0a-9802-6816cb564ddc,2019-07-03,8aba4253-319a-4efb-952a-6e765c273471,1561946329,34.050866989418864,-118.41962607577443
9c2bfdb0-a585-4277-9751-00190200a26a,2019-07-03,8aba4253-319a-4efb-952a-6e765c273471,1561946733,34.049132941290736,-118.41337585821748
2fdd8a57-4bac-462c-84c2-e22a4d1c3fea,2019-07-03,8aba4253-319a-4efb-952a-6e765c273471,1561946825,34.049084996804595,-118.41339698061347
47f7d744-44ea-4fe8-acd0-ebb13ea3b231,2019-07-03,8aba4253-319a-4efb-952a-6e765c273471,1561947405,34.048959938809276,-118.41327795758843
c3ce0df6-3809-40d6-80a6-ce69f4204c89,2019-07-03,8aba4253-319a-4efb-952a-6e765c273471,1561947469,34.0497359354049,-118.41549413278699
0bab8a75-278d-4912-9d8c-d21cdd2a630e,2019-07-03,8aba4253-319a-4efb-952a-6e765c273471,1561947517,34.0497010666877,-118.415317106992
29a2b21d-d68d-46bb-98ef-4d27ad8869a3,2019-07-03,8aba4253-319a-4efb-952a-6e765c273471,1561947713,34.0490900259465,-118.41336714103818
f2aa78b7-ed35-4d65-9845-b5eafe43bb45,2019-07-03,8aba4253-319a-4efb-952a-6e765c273471,1561950585,34.049040069803596,-118.41337786987424
d1004ad9-09ac-4618-bdfa-55d81b62f07f,2019-07-03,8aba4253-319a-4efb-952a-6e765c273471,1561951385,34.04900805093348,-118.41336512938142
8fcd12e0-e99d-4329-87db-c9ce0212a9f2,2019-07-03,8aba4253-319a-4efb-952a-6e765c273471,1561951445,34.04907292686403,-118.4133248962462
b5b285e6-a792-43d4-a5fc-4f54d73b3088,2019-07-03,8aba4253-319a-4efb-952a-6e765c273471,1561951577,34.04897100292146,-118.41325214132667
7fc5f626-28b7-4d8c-9e32-6cc709d3ba84,2019-07-03,8aba4253-319a-4efb-952a-6e765c273471,1561952685,34.04907192103565,-118.41339496895671
31904785-f2c3-4278-9f1b-583de616ef01,2019-07-03,8aba4253-319a-4efb-952a-6e765c273471,1561952865,34.04905398376286,-118.41343788430095
317debfb-681f-49de-a1c2-bf06a94a2f4c,2019-07-03,8aba4253-319a-4efb-952a-6e765c273471,1561953741,34.04905398376286,-118.41343788430095
c782921a-dff4-4b56-88a4-11c4e246011d,2019-07-03,8aba4253-319a-4efb-952a-6e765c273471,1561953925,34.049022970721126,-118.4134261496365
f677b4fc-4077-4a69-9aa8-e5e96c464dff,2019-07-03,8aba4253-319a-4efb-952a-6e765c273471,1561954513,34.049022970721126,-118.4134261496365
ab60b536-6ced-4958-82a0-8e81d63c958e,2019-07-03,8aba4253-319a-4efb-952a-6e765c273471,1561957981,34.04909991659224,-118.4134298376739
0ba75b76-f84e-4f78-9f1b-0adb02f4a12e,2019-07-03,8aba4253-319a-4efb-952a-6e765c273471,1561958333,34.049123050644994,-118.41343989595771
a4b0b64f-96fc-4111-baf5-d35ed87e5228,2019-07-03,8aba4253-319a-4efb-952a-6e765c273471,1561935254,34.04894803650677,-118.41335305944085
da7e86e7-c077-46fb-8478-1ba4a6fbe87c,2019-07-03,8aba4253-319a-4efb-952a-6e765c273471,1561942262,34.05335993506014,-118.43995386734605
727a17cb-5814-47fa-bba9-2963348b75ec,2019-07-03,8aba4253-319a-4efb-952a-6e765c273471,1561946210,34.04408502392471,-118.43217311426997
9d9c97c7-332c-45fc-97d0-dcc50be74c66,2019-07-03,8aba4253-319a-4efb-952a-6e765c273471,1561946218,34.043818982318044,-118.43168595805764
2c8c9e9a-ffc7-41cf-bdc0-021f52f63d8a,2019-07-03,8aba4253-319a-4efb-952a-6e765c273471,1561945982,34.05234203673899,-118.43928901478648
c4e28d23-7d5f-459f-8852-6a4276e99df7,2019-07-03,8aba4253-319a-4efb-952a-6e765c273471,1561938146,34.049040069803596,-118.41339999809861
a1385f70-4967-4dbc-9f0d-cae583c026c4,2019-07-03,8aba4253-319a-4efb-952a-6e765c273471,1561939374,34.0490900259465,-118.41344291344285
8b6a47e3-474c-4ec9-b80f-a2aeb1b93c37,2019-07-03,8aba4253-319a-4efb-952a-6e765c273471,1561941722,34.04910092242062,-118.41339597478509
cfe6a55d-ccc2-4aff-b541-8c09224f7565,2019-07-03,8aba4253-319a-4efb-952a-6e765c273471,1561879238,34.04854620806873,-118.4136631898582
8288770e-6804-4c28-a617-c4be99e7727b,2019-07-03,8aba4253-319a-4efb-952a-6e765c273471,1561941810,34.049408035352826,-118.41349521651864
69b7b594-a175-4192-a6aa-b2947304c57f,2019-07-03,8aba4253-319a-4efb-952a-6e765c273471,1561942010,34.04958992265165,-118.41983998194337
cc7a3d3c-1bd5-4a86-9b7f-e0933c7c7851,2019-07-03,8aba4253-319a-4efb-952a-6e765c273471,1561942022,34.05120092444122,-118.42128502205014
f2fa8d30-76f0-45c7-97eb-1c1c34608383,2019-07-03,8aba4253-319a-4efb-952a-6e765c273471,1561942050,34.05467404983938,-118.42287691310048
19d1bafd-86da-4249-a797-acc91c893c88,2019-07-03,8aba4253-319a-4efb-952a-6e765c273471,1561942054,34.055876014754176,-118.42292385175824
c9f6394b-b97b-443f-befb-a213365dc479,2019-07-03,8aba4253-319a-4efb-952a-6e765c273471,1561942066,34.05816092155874,-118.42324605211616
065740b6-ad92-40a8-86b5-38615a0f52cd,2019-07-03,8aba4253-319a-4efb-952a-6e765c273471,1561942070,34.057806031778455,-118.42380395159125
8acd2630-a092-4c39-a046-71dca30fcae2,2019-07-03,8aba4253-319a-4efb-952a-6e765c273471,1561951878,34.04907192103565,-118.41339496895671
dd9ec3c4-d6dc-4bc4-a310-26023713e3e4,2019-07-03,8aba4253-319a-4efb-952a-6e765c273471,1561942078,34.05779999680817,-118.42380998656154
b3123580-e98c-49e8-b739-5419644b2371,2019-07-03,8aba4253-319a-4efb-952a-6e765c273471,1561942098,34.056640611961484,-118.42532074078918
0f84213d-acc0-482f-8064-838e685eeefa,2019-07-03,8aba4253-319a-4efb-952a-6e765c273471,1561880674,34.04865735210478,-118.41334635391831
1210e654-e249-4ec7-87c4-8d0a42e95c4a,2019-07-03,8aba4253-319a-4efb-952a-6e765c273471,1561942210,34.04995101504028,-118.43632215633988
28f68988-780d-41e7-acb3-559676a305ca,2019-07-03,8aba4253-319a-4efb-952a-6e765c273471,1561942250,34.05152798630297,-118.43851184472442
9a032724-0f62-471a-8e6d-2a157b5bd3e7,2019-07-03,8aba4253-319a-4efb-952a-6e765c273471,1561879082,34.04854620806873,-118.4136631898582
15735fb5-71ec-4c69-94dd-b2325c1a396a,2019-07-03,8aba4253-319a-4efb-952a-6e765c273471,1561942266,34.05375002883375,-118.44042794778943
8da03984-ad2d-45e1-9270-2f11d413b326,2019-07-03,8aba4253-319a-4efb-952a-6e765c273471,1561942302,34.054242046549916,-118.44085307791829
9235ad90-995c-49dd-813c-92cd1f3fad7a,2019-07-03,8aba4253-319a-4efb-952a-6e765c273471,1561942306,34.05465594492853,-118.44121115282178
c2326c05-6517-409f-b720-a4fd0369baee,2019-07-03,8aba4253-319a-4efb-952a-6e765c273471,1561942354,34.05702198855579,-118.44280002638698
dc6e425a-56a8-4b3b-bbf9-f3ddac2c5de1,2019-07-03,8aba4253-319a-4efb-952a-6e765c273471,1561942358,34.057508977130055,-118.44301896169782
85f1ffa1-5dae-48e8-8dad-888872dcd030,2019-07-03,8aba4253-319a-4efb-952a-6e765c273471,1561880794,34.04865735210478,-118.41334635391831
1541c895-0c44-4068-a1fd-06f392d7e67a,2019-07-03,8aba4253-319a-4efb-952a-6e765c273471,1561942514,34.05989899300039,-118.4462439827621
710d056e-1b09-412d-9b5a-acf840cb5bb4,2019-07-03,8aba4253-319a-4efb-952a-6e765c273471,1561954698,34.049022970721126,-118.4134261496365
be891e2e-af10-4e67-b4ad-2cffd73b0175,2019-07-03,8aba4253-319a-4efb-952a-6e765c273471,1561942618,34.06069695018232,-118.4469430334866
84c5382b-3286-4f60-a8aa-ffe26d2017d5,2019-07-03,8aba4253-319a-4efb-952a-6e765c273471,1561942750,34.059870997443795,-118.44616888090968
bc907dec-15b9-45c9-87e6-562293876523,2019-07-03,8aba4253-319a-4efb-952a-6e765c273471,1561942782,34.0595459472388,-118.44565389677882
af778764-8135-4c22-be6d-a4bd7068b180,2019-07-03,8aba4253-319a-4efb-952a-6e765c273471,1561957982,34.04910276643932,-118.41342447325587
baf77b89-c210-4988-919f-6e4c19e56e08,2019-07-03,8aba4253-319a-4efb-952a-6e765c273471,1561958334,34.04910293407738,-118.41342413797975
67c2f25e-e767-444d-8543-ad30acbc5a9f,2019-07-03,8aba4253-319a-4efb-952a-6e765c273471,1561958358,34.04902799986303,-118.41336915269494
be18a226-7602-45a1-bb4b-c3dd84281fa7,2019-07-03,8aba4253-319a-4efb-952a-6e765c273471,1561958426,34.04910276643932,-118.41343587264419
ae3aefca-665d-4c81-acbb-0424bb850c37,2019-07-03,8aba4253-319a-4efb-952a-6e765c273471,1561944734,34.06019604764879,-118.446338865906
debcebbf-99ff-44c8-9feb-e8ed68dbd83c,2019-07-03,8aba4253-319a-4efb-952a-6e765c273471,1561962502,34.04901106841862,-118.41336915269494
69d5fd32-9f15-41c8-80c9-bf10a60f8969,2019-07-03,8aba4253-319a-4efb-952a-6e765c273471,1561882374,34.04865735210478,-118.41334635391831
a98f630a-691b-4e06-ac92-90026bf9d94b,2019-07-03,8aba4253-319a-4efb-952a-6e765c273471,1561882690,34.04865735210478,-118.41334635391831
473d37c9-ce1d-4406-871e-8a48bd7ab795,2019-07-03,8aba4253-319a-4efb-952a-6e765c273471,1561882810,34.04865735210478,-118.41334635391831
e0c95d25-d5f0-4814-a473-cb58712bfbe8,2019-07-03,8aba4253-319a-4efb-952a-6e765c273471,1561945502,34.06013703905046,-118.44501888379455
07c57751-1bfa-450d-b749-67fb74213605,2019-07-03,8aba4253-319a-4efb-952a-6e765c273471,1561884882,34.04854620806873,-118.4136631898582
404c3dd7-6780-4490-a49b-6eca372a784f,2019-07-03,8aba4253-319a-4efb-952a-6e765c273471,1561887626,34.04854620806873,-118.4136631898582
5f7cb84c-af6c-4659-9482-a10b7fccc057,2019-07-03,8aba4253-319a-4efb-952a-6e765c273471,1561946286,34.04826692305505,-118.42430585995317
00979fc0-3e89-4fa8-9f2a-c4f0e7412619,2019-07-03,8aba4253-319a-4efb-952a-6e765c273471,1561890802,34.04854620806873,-118.4136631898582
6be3b613-26a7-406a-9a93-1750c5e07d29,2019-07-03,8aba4253-319a-4efb-952a-6e765c273471,1561946298,34.04945597983897,-118.42213092371821
ab11ef02-6d74-4352-a124-efa27380577c,2019-07-03,8aba4253-319a-4efb-952a-6e765c273471,1561945870,34.06090599484742,-118.44552984461188
008b5a77-76b8-4ada-84ba-8af41c822d5f,2019-07-03,8aba4253-319a-4efb-952a-6e765c273471,1561946322,34.05032602138817,-118.42057993635535
a465dc22-273f-4d4d-9f47-bf3b9ef1dce6,2019-07-03,8aba4253-319a-4efb-952a-6e765c273471,1561946326,34.050608994439244,-118.42007098719478
e80a2e1b-a481-4765-a169-863de40d2050,2019-07-03,8aba4253-319a-4efb-952a-6e765c273471,1561946382,34.051404939964414,-118.41564198955894
4364dde6-e44b-4ad5-9951-6d5667222a43,2019-07-03,8aba4253-319a-4efb-952a-6e765c273471,1561946586,34.04952705837786,-118.41490605846047
051b02fe-18ab-402a-b95c-6665fd84daf5,2019-07-03,8aba4253-319a-4efb-952a-6e765c273471,1561946590,34.049279959872365,-118.4136219508946
8ab61753-db67-45d6-9f7c-149a63e22232,2019-07-03,8aba4253-319a-4efb-952a-6e765c273471,1561946654,34.04908097349107,-118.41336211189628
2ea0da16-0f61-4ed3-aebd-5ac48434ad64,2019-07-03,8aba4253-319a-4efb-952a-6e765c273471,1561946682,34.04915993101895,-118.41338692232966
bc92312d-fc95-4daf-8a76-ef4b4c564a88,2019-07-03,8aba4253-319a-4efb-952a-6e765c273471,1561947266,34.04915892519057,-118.41337585821748
e3851103-dd8e-4f9d-8801-1338be4b3491,2019-07-03,8aba4253-319a-4efb-952a-6e765c273471,1561926878,34.049063036218286,-118.4134348668158
fff6105d-e9e1-448e-8a15-8564c19a001c,2019-07-03,8aba4253-319a-4efb-952a-6e765c273471,1561880511,34.04854620806873,-118.4136631898582
c670b74c-7878-4986-9778-5296aa91eab5,2019-07-03,8aba4253-319a-4efb-952a-6e765c273471,1561880643,34.04854620806873,-118.4136631898582
386feac0-b394-48af-a081-dcee8867c02e,2019-07-03,8aba4253-319a-4efb-952a-6e765c273471,1561884879,34.04865735210478,-118.41334635391831
7ed16677-0c9c-48d1-bd3d-b4d4085beaf9,2019-07-03,8aba4253-319a-4efb-952a-6e765c273471,1561885391,34.04854620806873,-118.4136631898582
60a15420-171b-4f96-ba2a-24d0aa987353,2019-07-03,8aba4253-319a-4efb-952a-6e765c273471,1561890803,34.04865735210478,-118.41334635391831
209eb2c2-5037-42a0-b3ef-61e6e1b560ed,2019-07-03,8aba4253-319a-4efb-952a-6e765c273471,1561890935,34.04865735210478,-118.41334635391831
c0495ecf-4ea3-4e46-9e19-2ca5197b3475,2019-07-03,8aba4253-319a-4efb-952a-6e765c273471,1561900987,34.04907493852079,-118.41341508552432
0008b223-e707-4699-82ad-3fb31f798ffe,2019-07-03,8aba4253-319a-4efb-952a-6e765c273471,1561916471,34.04904174618423,-118.4134573303163
f96fc79c-f98f-499b-8175-2560e0e738d7,2019-07-03,8aba4253-319a-4efb-952a-6e765c273471,1561931787,34.049063036218286,-118.4134348668158
38c9763d-531b-4b6f-b334-537703e803cd,2019-07-03,8aba4253-319a-4efb-952a-6e765c273471,1561931979,34.049062030389905,-118.41343386098742
98b3e383-8844-4ffa-8abb-0598ebf370f1,2019-07-03,8aba4253-319a-4efb-952a-6e765c273471,1561937079,34.04907192103565,-118.41341709718108
a9aa565f-e513-49bb-a6ad-f8e52adf6cfb,2019-07-03,8aba4253-319a-4efb-952a-6e765c273471,1561937119,34.04907192103565,-118.41341709718108
d246570a-3e33-42ff-85b4-654c61be5400,2019-07-03,8aba4253-319a-4efb-952a-6e765c273471,1561937791,34.04812007211149,-118.41561986133456
9f5602ea-eea2-48d5-a2fa-74a6a7628415,2019-07-03,8aba4253-319a-4efb-952a-6e765c273471,1561939191,34.04901106841862,-118.41339899227023
3fe4b7ce-638c-4579-8980-7321e8e3ad7e,2019-07-03,8aba4253-319a-4efb-952a-6e765c273471,1561939699,34.0490900259465,-118.41344291344285
68ea6311-c1ac-4ddd-99cf-097ed90cb6c3,2019-07-03,8aba4253-319a-4efb-952a-6e765c273471,1561941671,34.04909103177488,-118.41344291344285
c17c55a5-b09c-4323-b0d7-9fcd38446786,2019-07-03,8aba4253-319a-4efb-952a-6e765c273471,1561941703,34.04915993101895,-118.4134298376739
07d7a3f1-bb32-4419-ac7e-d5e2e24e7cf8,2019-07-03,8aba4253-319a-4efb-952a-6e765c273471,1561941807,34.04901106841862,-118.41339295729995
4b3e35bf-1556-44a8-a608-885bc70db45e,2019-07-03,8aba4253-319a-4efb-952a-6e765c273471,1561942007,34.04895004816353,-118.41943999752402
91385268-ab3b-4343-b87d-08f8f9e78eb0,2019-07-03,8aba4253-319a-4efb-952a-6e765c273471,1561942011,34.04984003864229,-118.41992983594537
01cedd96-af9d-4ac0-b61c-10d580e31b67,2019-07-03,8aba4253-319a-4efb-952a-6e765c273471,1561942015,34.05031998641789,-118.42039989307523
9b76c7c2-9daa-4fa7-b37d-fe08d4b728d2,2019-07-03,8aba4253-319a-4efb-952a-6e765c273471,1561942019,34.050779985263944,-118.42079987749457
581c2d9d-ea70-491a-86ad-fc5e9d8e3917,2019-07-03,8aba4253-319a-4efb-952a-6e765c273471,1561942023,34.051299998536706,-118.42140002176166
0b66c9de-aa23-4583-addf-ca36f1fc68c0,2019-07-03,8aba4253-319a-4efb-952a-6e765c273471,1561942035,34.05316296033561,-118.42196797952056
28193fb8-b7cf-4d26-aef6-32d6bdcb16c6,2019-07-03,8aba4253-319a-4efb-952a-6e765c273471,1561942051,34.055175790563226,-118.42317396774888
d34edfd7-15e9-496d-9eaa-d3ea5a755f78,2019-07-03,8aba4253-319a-4efb-952a-6e765c273471,1561942067,34.05804441310465,-118.42413822188973
de0e9e97-b3b9-4be8-b8e6-594e50da8be0,2019-07-03,8aba4253-319a-4efb-952a-6e765c273471,1561942103,34.05609696172178,-118.4264968894422
eb65cf39-2d6a-43aa-b7a7-2e26c751988e,2019-07-03,8aba4253-319a-4efb-952a-6e765c273471,1561942115,34.05493170954287,-118.42805894091725
218b3b27-8fcc-4fd2-bb50-cf8ad561c4c0,2019-07-03,8aba4253-319a-4efb-952a-6e765c273471,1561942119,34.054647060111165,-118.42855816707015
621c1105-dd43-477d-845a-2bbb0176fa1e,2019-07-03,8aba4253-319a-4efb-952a-6e765c273471,1561942123,34.05430591665208,-118.42902788892388
038f4144-8b64-4ce4-ae64-d5bd57deefa1,2019-07-03,8aba4253-319a-4efb-952a-6e765c273471,1561942127,34.0539079438895,-118.42942183837295
fc1fd3a4-ffa2-4873-bc2d-00f9d29b1860,2019-07-03,8aba4253-319a-4efb-952a-6e765c273471,1561942215,34.04999007470906,-118.43658098950982
2852f5e3-1d7a-4577-973b-2d236d0f4b55,2019-07-03,8aba4253-319a-4efb-952a-6e765c273471,1561942247,34.05110604129732,-118.43814807012677
1cc098fa-049f-4ad2-99a3-ffdebcf7b30e,2019-07-03,8aba4253-319a-4efb-952a-6e765c273471,1561942367,34.0588120277971,-118.44349203631282
b9672d25-5c8c-44db-97dd-ee5ba1c49d66,2019-07-03,8aba4253-319a-4efb-952a-6e765c273471,1561942495,34.05930002219975,-118.44570988789201
4031bce6-9b6f-4e4a-b9af-63143c080db8,2019-07-03,8aba4253-319a-4efb-952a-6e765c273471,1561942499,34.05970905907452,-118.44602102413774
1aa907ba-dbf0-42bf-8e22-64804886369c,2019-07-03,8aba4253-319a-4efb-952a-6e765c273471,1561942579,34.06065403483808,-118.44685887917876
1661e7bd-fd5f-4444-b066-e6de8a932acf,2019-07-03,8aba4253-319a-4efb-952a-6e765c273471,1561942623,34.06075797043741,-118.44699801877141
c99b22fc-8d54-425d-89d2-7cd3b8dc7b36,2019-07-03,8aba4253-319a-4efb-952a-6e765c273471,1561942819,34.05971392057836,-118.44596905633807
a0d618ca-887d-4c9d-abc9-fc647cc3afb6,2019-07-03,8aba4253-319a-4efb-952a-6e765c273471,1561943663,34.05969095416367,-118.44598883762956
46784202-c3da-4875-a082-8990c3ca5d65,2019-07-03,8aba4253-319a-4efb-952a-6e765c273471,1561944723,34.059588024392724,-118.4459368698299
986bef67-d89a-455d-b24a-8d89b9179e12,2019-07-03,8aba4253-319a-4efb-952a-6e765c273471,1561944735,34.060449013486505,-118.44663893803954
18fe84e6-8abf-4c71-8d36-d61a85352264,2019-07-03,8aba4253-319a-4efb-952a-6e765c273471,1561944879,34.05990502797067,-118.44495015218854
6a4391c4-8870-4c18-a424-4f77216bdd21,2019-07-03,8aba4253-319a-4efb-952a-6e765c273471,1561944935,34.05937093310058,-118.44449987635016
67822e6f-623d-4a62-b418-03bba31d50f7,2019-07-03,8aba4253-319a-4efb-952a-6e765c273471,1561944955,34.04797405935824,-118.44115784391761
93e5bcaa-f221-4143-a6d9-76eb3a739c92,2019-07-03,8aba4253-319a-4efb-952a-6e765c273471,1561945331,34.059550976380706,-118.44449987635016
5d86ddfc-4208-4822-b5c1-2d7a4b980cdf,2019-07-03,8aba4253-319a-4efb-952a-6e765c273471,1561945467,34.059525998309255,-118.4449608810246
06fc8a0e-48ce-4852-ad54-27bcf79c868a,2019-07-03,8aba4253-319a-4efb-952a-6e765c273471,1561945519,34.06054205261171,-118.44531392678618
df6346af-f435-40d9-8710-ca007147e836,2019-07-03,8aba4253-319a-4efb-952a-6e765c273471,1561945543,34.06103893183172,-118.4457048587501
0ae18d59-59cc-4988-95b3-5718775e0b9c,2019-07-03,8aba4253-319a-4efb-952a-6e765c273471,1561945611,34.06024499796331,-118.44649812206626
96466ea4-4bfc-4369-ada4-1406fe48498b,2019-07-03,8aba4253-319a-4efb-952a-6e765c273471,1561945783,34.06192791648209,-118.44795389100909
619311cf-38a7-43f9-b19f-05ad2711e9e7,2019-07-03,8aba4253-319a-4efb-952a-6e765c273471,1561945851,34.062577011063695,-118.44569513574243
38f500c8-7a06-4e7f-a325-2d8349161a48,2019-07-03,8aba4253-319a-4efb-952a-6e765c273471,1561945875,34.06039503403008,-118.4453578479588
ef410a06-41a8-4f34-9b82-143237c28c0f,2019-07-03,8aba4253-319a-4efb-952a-6e765c273471,1561945879,34.05999203212559,-118.44502089545131
1d6e49a7-34c3-413c-af0c-e46f32da4ae9,2019-07-03,8aba4253-319a-4efb-952a-6e765c273471,1561945883,34.059610990807414,-118.44469299539924
dd150df8-bfeb-47ba-ac18-56ebc1d81901,2019-07-03,8aba4253-319a-4efb-952a-6e765c273471,1561945887,34.059228943660855,-118.4443630836904
573d4765-b56e-43a5-86aa-5a539acf7dcf,2019-07-03,8aba4253-319a-4efb-952a-6e765c273471,1561945911,34.05861304141581,-118.44381490722299
8c46a53f-6274-421a-8bb2-bf20dce4be18,2019-07-03,8aba4253-319a-4efb-952a-6e765c273471,1561945919,34.057440077885985,-118.44303606078029
ff918ab3-d101-4e7d-a229-ca58c5e8182f,2019-07-03,8aba4253-319a-4efb-952a-6e765c273471,1561945971,34.0539459977299,-118.44055501744151
ebb8a2de-7653-4bef-9703-63eeabd8ee43,2019-07-03,8aba4253-319a-4efb-952a-6e765c273471,1561945975,34.053467055782676,-118.44018386676908
1c6f27b3-c07f-4129-a0a8-fd2d471e37c6,2019-07-03,8aba4253-319a-4efb-952a-6e765c273471,1561945979,34.052611934021115,-118.43944491818547
973cc525-0d1a-4056-9439-1463bfc35a97,2019-07-03,8aba4253-319a-4efb-952a-6e765c273471,1561945995,34.05071494169533,-118.43780910596251
0d7d714c-20cc-47b9-b598-f5ad9ecb3ea4,2019-07-03,8aba4253-319a-4efb-952a-6e765c273471,1561945999,34.05029500834644,-118.43744600191712
7c3ed742-2d8a-4dd1-b816-d37b80bb7365,2019-07-03,8aba4253-319a-4efb-952a-6e765c273471,1561946063,34.04976393096149,-118.43724584206939
bd2591f8-57d7-4410-aeda-d97ea9998361,2019-07-03,8aba4253-319a-4efb-952a-6e765c273471,1561946067,34.04998906888068,-118.43726394698024
d8ed28d9-b7ed-4801-b9a3-496cbeb1055f,2019-07-03,8aba4253-319a-4efb-952a-6e765c273471,1561946239,34.04535706155002,-118.42927498742938
86fd2c2e-1c75-4929-bf57-574b2cfae074,2019-07-03,8aba4253-319a-4efb-952a-6e765c273471,1561946243,34.04567993246019,-118.42873385176063
a4e8394b-51ab-455e-82cc-86edcfa9df2b,2019-07-03,8aba4253-319a-4efb-952a-6e765c273471,1561946259,34.04602007009089,-118.42816589400172
fa057617-e956-4c31-b568-611aee4e53fb,2019-07-03,8aba4253-319a-4efb-952a-6e765c273471,1561946263,34.04632802121341,-118.42765090987086
8475b762-e6fd-43d8-a797-b16a8ddf25b4,2019-07-03,8aba4253-319a-4efb-952a-6e765c273471,1561946267,34.04662407003343,-118.42715302482247
483cb9ec-7cab-4470-bdad-5143cf0472cc,2019-07-03,8aba4253-319a-4efb-952a-6e765c273471,1561946271,34.04694794677198,-118.42660987749696
509a3558-2714-4726-b4fd-07f648cfda7b,2019-07-03,8aba4253-319a-4efb-952a-6e765c273471,1561946275,34.04726796783507,-118.426076117903
14914614-c94e-4532-bee6-768c3cc813b6,2019-07-03,8aba4253-319a-4efb-952a-6e765c273471,1561946279,34.0475960355252,-118.42552090063691
c27a21af-49dd-4f7a-8b74-88d54d9abab8,2019-07-03,8aba4253-319a-4efb-952a-6e765c273471,1561946295,34.04915406368673,-118.42268010601401
39ba4eaa-e5ee-44f8-bb7c-98739ade79cc,2019-07-03,8aba4253-319a-4efb-952a-6e765c273471,1561946463,34.050843017175794,-118.41932801529765
8ed8689f-40b6-4206-8ddc-a93ca400b425,2019-07-03,8aba4253-319a-4efb-952a-6e765c273471,1561946523,34.04914199374616,-118.41349085792899
ee31653e-07c2-4c34-9459-1d9ac208bbf2,2019-07-03,8aba4253-319a-4efb-952a-6e765c273471,1561946647,34.049469055607915,-118.41346805915236
9fdce5f6-50bc-4dd1-9d70-1481ac38518d,2019-07-03,8aba4253-319a-4efb-952a-6e765c273471,1561947239,34.04918105341494,-118.41337015852332
672f34c4-ade5-48af-928c-1369c32efd8e,2019-07-03,8aba4253-319a-4efb-952a-6e765c273471,1561947275,34.04915892519057,-118.41337585821748
dd709348-57d3-4411-9b61-c72403d456c7,2019-07-03,8aba4253-319a-4efb-952a-6e765c273471,1561947407,34.05028193257749,-118.41687513515353
60c88904-f84c-4285-ad15-16e3ac372c97,2019-07-03,8aba4253-319a-4efb-952a-6e765c273471,1561947471,34.049132941290736,-118.41341407969594
ba2e4d61-3ac3-4e3e-9b5a-73f6c4024dc6,2019-07-03,8aba4253-319a-4efb-952a-6e765c273471,1561947799,34.04907896183431,-118.41334300115705
9bafe6ee-5349-4bcb-aa79-636994a4fc68,2019-07-03,8aba4253-319a-4efb-952a-6e765c273471,1561947875,34.05002695508301,-118.41660188511014
55866309-2248-4f31-8321-10a04fc356f5,2019-07-03,8aba4253-319a-4efb-952a-6e765c273471,1561947891,34.049040069803596,-118.41337786987424
62de60ae-8899-4f32-b216-4f4c2e0c6fe4,2019-07-03,8aba4253-319a-4efb-952a-6e765c273471,1561949403,34.049040069803596,-118.41337786987424
8f03089b-5a3d-4d33-8f64-99b55ade3943,2019-07-03,8aba4253-319a-4efb-952a-6e765c273471,1561951411,34.04894200153649,-118.41323705390096
2fc3c5aa-9463-4e23-90cf-7cce594e24b5,2019-07-03,8aba4253-319a-4efb-952a-6e765c273471,1561955423,34.049022970721126,-118.4134261496365
45a8fb25-ca84-442f-a474-df6d7ec355d2,2019-07-03,8aba4253-319a-4efb-952a-6e765c273471,1561956315,34.04915406368673,-118.41339295729995
8e1d6cd5-f442-4f19-a2f5-87d1a8aeaf13,2019-07-03,8aba4253-319a-4efb-952a-6e765c273471,1561956319,34.04911902733147,-118.41342011466622
469be04a-e587-4290-9b66-c64339a9d166,2019-07-03,8aba4253-319a-4efb-952a-6e765c273471,1561956327,34.04911902733147,-118.41334702447057
e8f3e920-b6b6-4b10-9df4-8a060970d05d,2019-07-03,8aba4253-319a-4efb-952a-6e765c273471,1561956335,34.04915406368673,-118.41339295729995
7b3bbe02-da26-4108-8c5a-04d12afbf08a,2019-07-03,8aba4253-319a-4efb-952a-6e765c273471,1561957975,34.04910393990576,-118.41342413797975
4f05b6f4-30c6-4e68-8e4e-9993e28675f6,2019-07-03,8aba4253-319a-4efb-952a-6e765c273471,1561958323,34.04907007701695,-118.41342011466622
c3798d3e-8ae7-4cb6-bfef-b882cffee2f7,2019-07-03,8aba4253-319a-4efb-952a-6e765c273471,1561958367,34.049011236056685,-118.41336948797107
e5be3a5c-ba25-4942-93e7-fe00f1bd1e32,2019-07-03,8aba4253-319a-4efb-952a-6e765c273471,1561958519,34.04901106841862,-118.41336915269494
389743b5-3343-4826-abe0-8aff6cc223f4,2019-07-04,8aba4253-319a-4efb-952a-6e765c273471,1561955559,34.04865735210478,-118.41334635391831
312a8f9a-de80-4ec6-a492-14414cca41ee,2019-07-04,8aba4253-319a-4efb-952a-6e765c273471,1561955563,34.04854620806873,-118.4136631898582
2c75f2a5-5110-4150-b358-77ba15ffba2f,2019-07-04,8aba4253-319a-4efb-952a-6e765c273471,1561960939,34.04854620806873,-118.4136631898582
1a1c0eaa-560c-4b97-9c72-2dcd8b7085b0,2019-07-04,8aba4253-319a-4efb-952a-6e765c273471,1561961287,34.04854620806873,-118.4136631898582
b4fd08dd-b000-4659-919a-768d483bd9fb,2019-07-04,8aba4253-319a-4efb-952a-6e765c273471,1561962515,34.04854620806873,-118.4136631898582
d4561bc3-9d0d-46a2-a95a-106dc5b57a90,2019-07-04,8aba4253-319a-4efb-952a-6e765c273471,1561956331,34.04911902733147,-118.41334702447057
87cbb9f8-3816-4126-9f8b-7189805a1533,2019-07-04,8aba4253-319a-4efb-952a-6e765c273471,1561962531,34.04865735210478,-118.41334635391831
a4764175-6648-4705-9f20-3ba31bad5b2d,2019-07-04,8aba4253-319a-4efb-952a-6e765c273471,1561962547,34.04865735210478,-118.41334635391831
efe0cef8-5018-4b2a-a3ec-a00d8bcf4171,2019-07-04,8aba4253-319a-4efb-952a-6e765c273471,1561962563,34.04854620806873,-118.4136631898582
aab63af5-2c90-4d0a-9493-1a0aea760748,2019-07-04,8aba4253-319a-4efb-952a-6e765c273471,1561948215,34.04854620806873,-118.4136631898582
1063a220-0739-4136-accc-7529bd7348f3,2019-07-04,8aba4253-319a-4efb-952a-6e765c273471,1561948231,34.04854620806873,-118.4136631898582
48fa0a08-f860-4733-91d1-234243cc4145,2019-07-04,8aba4253-319a-4efb-952a-6e765c273471,1561948247,34.04854620806873,-118.4136631898582
b26d686f-26e5-44a9-9028-914554f352c1,2019-07-04,8aba4253-319a-4efb-952a-6e765c273471,1561948295,34.04865735210478,-118.41334635391831
20325f65-3653-4832-b7d7-2ce4e8cb31f7,2019-07-04,8aba4253-319a-4efb-952a-6e765c273471,1561948311,34.04865735210478,-118.41334635391831
0438f8eb-75e6-4e49-a71a-c6c73f71fff7,2019-07-04,8aba4253-319a-4efb-952a-6e765c273471,1561945567,34.06057742424309,-118.4458071179688
5fda6f93-e0be-4ca5-b964-de03d5f44988,2019-07-04,8aba4253-319a-4efb-952a-6e765c273471,1561948327,34.04865735210478,-118.41334635391831
1889361a-a0c4-4f86-afa8-ca369cea5d25,2019-07-04,8aba4253-319a-4efb-952a-6e765c273471,1561948611,34.04854620806873,-118.4136631898582
645a5500-50d4-48a3-8e48-3573069cd437,2019-07-04,8aba4253-319a-4efb-952a-6e765c273471,1561949375,34.04854620806873,-118.4136631898582
7d6c998b-acbe-4f63-9ba8-a535a879a0ad,2019-07-04,8aba4253-319a-4efb-952a-6e765c273471,1561949391,34.04854620806873,-118.4136631898582
3ac02bbf-d1bb-4422-a07d-b4342e5d600a,2019-07-04,8aba4253-319a-4efb-952a-6e765c273471,1561962579,34.04854620806873,-118.4136631898582
f7101d69-8202-4e86-a352-9640180f9aa6,2019-07-04,8aba4253-319a-4efb-952a-6e765c273471,1561949519,34.04865735210478,-118.41334635391831
ff0f383c-f5af-433d-827d-76fa93e1c69b,2019-07-04,8aba4253-319a-4efb-952a-6e765c273471,1561949975,34.04854620806873,-118.4136631898582
4adf40ec-4615-49fb-b5ff-54e85a03ac52,2019-07-04,8aba4253-319a-4efb-952a-6e765c273471,1561950651,34.04854620806873,-118.4136631898582
188c74f1-0d45-4f3d-ba75-4b4f8d2c111f,2019-07-04,8aba4253-319a-4efb-952a-6e765c273471,1561950667,34.04854620806873,-118.4136631898582
932b1de4-2a9d-45fc-8120-a2e0bdf9ff41,2019-07-04,8aba4253-319a-4efb-952a-6e765c273471,1561950739,34.04865735210478,-118.41334635391831
f9639cf7-764c-424e-adc2-9c13723f9d1c,2019-07-04,8aba4253-319a-4efb-952a-6e765c273471,1561963059,34.04854620806873,-118.4136631898582
227c2960-fe93-4680-966d-db3392b4da36,2019-07-04,8aba4253-319a-4efb-952a-6e765c273471,1561941771,34.04865735210478,-118.41334635391831
2a732b38-d27d-45a4-b679-1970a7fb42d1,2019-07-04,8aba4253-319a-4efb-952a-6e765c273471,1561951479,34.049072256311774,-118.41339463368058
1bc9e204-ba97-4cc8-94c2-c4c2d0d20ae7,2019-07-04,8aba4253-319a-4efb-952a-6e765c273471,1561945983,34.05233767814934,-118.43928901478648
0811993e-1054-4e3d-ae1c-b1dafb7e3876,2019-07-04,8aba4253-319a-4efb-952a-6e765c273471,1561951583,34.04904174618423,-118.41337652876973
c49350a9-0ca8-4f2d-9d9e-8883e120378a,2019-07-04,8aba4253-319a-4efb-952a-6e765c273471,1561951591,34.04854620806873,-118.4136631898582
cf7cf1a1-c064-4a66-aacc-53a5ae7e1280,2019-07-04,8aba4253-319a-4efb-952a-6e765c273471,1561951827,34.04854620806873,-118.4136631898582
fd3d73e8-402d-458c-a4d8-5510e752c782,2019-07-04,8aba4253-319a-4efb-952a-6e765c273471,1561951843,34.04854620806873,-118.4136631898582
77f79433-7b48-4463-ab05-8fa1e92686fc,2019-07-04,8aba4253-319a-4efb-952a-6e765c273471,1561951859,34.04854620806873,-118.4136631898582
e3cf97ff-fcf3-4785-8ee0-b0b1ebde7f64,2019-07-04,8aba4253-319a-4efb-952a-6e765c273471,1561951875,34.04865735210478,-118.41334635391831
30686722-3942-408d-bcb7-05db4b11b145,2019-07-04,8aba4253-319a-4efb-952a-6e765c273471,1561952715,34.04854620806873,-118.4136631898582
27d7a467-03ab-46ff-a0f4-299458fa308e,2019-07-04,8aba4253-319a-4efb-952a-6e765c273471,1561953911,34.04854620806873,-118.4136631898582
f9ae86c8-6bc9-429a-a5ea-37c027c8813d,2019-07-04,8aba4253-319a-4efb-952a-6e765c273471,1561960375,34.04865735210478,-118.41334635391831
59e79aee-a6af-4119-a54a-ca157a585d5e,2019-07-04,8aba4253-319a-4efb-952a-6e765c273471,1561955499,34.04854620806873,-118.4136631898582
ce742770-ea26-44bd-b8de-1ef63a4199d4,2019-07-04,8aba4253-319a-4efb-952a-6e765c273471,1561955515,34.04854620806873,-118.4136631898582
5f6712e9-f6e0-4f38-be95-a8a6253088c0,2019-07-04,8aba4253-319a-4efb-952a-6e765c273471,1561955531,34.04854620806873,-118.4136631898582
99968813-4e33-4503-b692-8e176cd638f7,2019-07-04,8aba4253-319a-4efb-952a-6e765c273471,1561942211,34.04992670752108,-118.43632215633988
2f03ad3d-f494-4f3b-9bbe-ea51514dafa5,2019-07-04,8aba4253-319a-4efb-952a-6e765c273471,1561955543,34.04865735210478,-118.41334635391831
57519d50-260a-41e5-ac20-2f5c8d8e29b5,2019-07-04,8aba4253-319a-4efb-952a-6e765c273471,1561946323,34.05032300390303,-118.42057993635535
f60fa612-f0b1-40e8-82cd-6de33717740c,2019-07-04,8aba4253-319a-4efb-952a-6e765c273471,1561942251,34.05151407234371,-118.43851184472442
455d22db-b9a3-42af-bd4b-2083c37c36ea,2019-07-04,8aba4253-319a-4efb-952a-6e765c273471,1561942255,34.052093429490924,-118.43900805339217
c7ab9d6f-778f-4b38-87fd-49e7f20907a1,2019-07-04,8aba4253-319a-4efb-952a-6e765c273471,1561942259,34.05264294706285,-118.43948615714908
6c08f5be-523c-414c-9484-a6771310e46b,2019-07-04,8aba4253-319a-4efb-952a-6e765c273471,1561942263,34.0533450152725,-118.43995386734605
8317981c-736d-499c-be27-ad81544ea6c6,2019-07-04,8aba4253-319a-4efb-952a-6e765c273471,1561942303,34.054229808971286,-118.44085274264216
d9ceeb65-238e-4aad-a71d-76f78fdf6b41,2019-07-04,8aba4253-319a-4efb-952a-6e765c273471,1561942355,34.05700690113008,-118.44280069693923
32117777-a516-4fc9-bc72-87ea0caacbed,2019-07-04,8aba4253-319a-4efb-952a-6e765c273471,1561946331,34.05093387700617,-118.4194758720696
50220293-7512-4f17-ab47-ba27756b436a,2019-07-04,8aba4253-319a-4efb-952a-6e765c273471,1561955547,34.04854620806873,-118.4136631898582
22a05584-1fd9-416f-8318-77e3142d660d,2019-07-04,8aba4253-319a-4efb-952a-6e765c273471,1561948088,34.04854620806873,-118.4136631898582
63355c22-0f63-43e2-9584-87dff28416e6,2019-07-04,8aba4253-319a-4efb-952a-6e765c273471,1561941756,34.04865735210478,-118.41334635391831
51e96b12-25cc-4e26-85e0-8e69e3f4896e,2019-07-04,8aba4253-319a-4efb-952a-6e765c273471,1561942116,34.054932044819,-118.42805894091725
23c1ad09-8014-4122-acd5-e2a2e0735f3c,2019-07-04,8aba4253-319a-4efb-952a-6e765c273471,1561942124,34.05429099686444,-118.42902788892388
c20ff9bb-704f-4de9-8afb-b202e893ede8,2019-07-04,8aba4253-319a-4efb-952a-6e765c273471,1561942580,34.06063794158399,-118.44685988500714
846bfbf2-23d7-40ea-ba45-afca1e9b8ec0,2019-07-04,8aba4253-319a-4efb-952a-6e765c273471,1561943664,34.05969246290624,-118.44599151983857
83452f55-6bbc-46b0-8dd6-05302bcc3500,2019-07-04,8aba4253-319a-4efb-952a-6e765c273471,1561943676,34.05975348316133,-118.44606259837747
83aadd7c-353f-4739-bd5f-981a978efa60,2019-07-04,8aba4253-319a-4efb-952a-6e765c273471,1561944936,34.05935668386519,-118.44449182972312
ac7b341d-8251-412a-bb69-c006f7ee38a0,2019-07-04,8aba4253-319a-4efb-952a-6e765c273471,1561945476,34.06018062494695,-118.44442611560225
5308c308-4a5f-42d5-9796-7518bbe1dd55,2019-07-04,8aba4253-319a-4efb-952a-6e765c273471,1561945888,34.059142945334315,-118.44430105760694
5174073a-06f6-4fa9-8ef1-9e76b037a41c,2019-07-04,8aba4253-319a-4efb-952a-6e765c273471,1561945980,34.05258192680776,-118.43944491818547
995ae81d-0bc0-4ce9-baa6-1fa5b1fb3540,2019-07-04,8aba4253-319a-4efb-952a-6e765c273471,1561946000,34.050139943137765,-118.43736788257957
7a7af156-ed48-41b6-b15d-484b4c25545a,2019-07-04,8aba4253-319a-4efb-952a-6e765c273471,1561946272,34.04702757485211,-118.42647140845656
3ca2aa98-2fd3-4604-938d-807d95d649ca,2019-07-04,8aba4253-319a-4efb-952a-6e765c273471,1561947480,34.04910276643932,-118.41341374441981
3a8ccc3c-97a1-4c11-b689-ac4ab27b79d8,2019-07-04,8aba4253-319a-4efb-952a-6e765c273471,1561947912,34.04854620806873,-118.4136631898582
3746c266-8038-40d9-a82d-3525dbeac811,2019-07-04,8aba4253-319a-4efb-952a-6e765c273471,1561948072,34.04854620806873,-118.4136631898582
d2b85f41-7573-4935-a3f7-37310b7a6ea7,2019-07-04,8aba4253-319a-4efb-952a-6e765c273471,1561948104,34.04865735210478,-118.41334635391831
9417dd2c-e207-458b-a683-96357304f6d1,2019-07-04,8aba4253-319a-4efb-952a-6e765c273471,1561948184,34.04854620806873,-118.4136631898582
b2f1f80a-6c4a-42ca-98d4-e06f2ecd277e,2019-07-04,8aba4253-319a-4efb-952a-6e765c273471,1561948200,34.04854620806873,-118.4136631898582
2eb83cb0-7574-4d3a-91b1-ff16267a5b37,2019-07-04,8aba4253-319a-4efb-952a-6e765c273471,1561948280,34.04865735210478,-118.41334635391831
80efce3b-618c-4b30-b6fd-df43e81972e8,2019-07-04,8aba4253-319a-4efb-952a-6e765c273471,1561948404,34.04854620806873,-118.4136631898582
032fb2dc-05fd-4164-9c5e-35450fb19fbc,2019-07-04,8aba4253-319a-4efb-952a-6e765c273471,1561949232,34.04854620806873,-118.4136631898582
9b0cd537-8583-4d29-810e-113cfc23c87c,2019-07-04,8aba4253-319a-4efb-952a-6e765c273471,1561949248,34.04854620806873,-118.4136631898582
6bd1d7a1-4a28-49ca-849f-477c4293782f,2019-07-04,8aba4253-319a-4efb-952a-6e765c273471,1561949264,34.04854620806873,-118.4136631898582
fd857648-e23d-469d-be16-0a86cb806502,2019-07-04,8aba4253-319a-4efb-952a-6e765c273471,1561949280,34.04854620806873,-118.4136631898582
84c4b575-69f0-4e34-8a5b-6609e27935f1,2019-07-04,8aba4253-319a-4efb-952a-6e765c273471,1561949296,34.04854620806873,-118.4136631898582
60daab27-4462-4d9e-ac4d-767a2ce9ff2b,2019-07-04,8aba4253-319a-4efb-952a-6e765c273471,1561949312,34.04854620806873,-118.4136631898582
2c4fb87f-d55e-46ee-8e08-a7194ece5694,2019-07-04,8aba4253-319a-4efb-952a-6e765c273471,1561949328,34.04854620806873,-118.4136631898582
af748224-b6ab-4eec-b7e9-92f9ea640e10,2019-07-04,8aba4253-319a-4efb-952a-6e765c273471,1561949344,34.04854620806873,-118.4136631898582
2269d0fc-5c5f-4112-aeec-3e3dc57155a4,2019-07-04,8aba4253-319a-4efb-952a-6e765c273471,1561949360,34.04854620806873,-118.4136631898582
6033c38a-08a8-4605-9734-367fe69b84a8,2019-07-04,8aba4253-319a-4efb-952a-6e765c273471,1561949380,34.04865735210478,-118.41334635391831
c05cf7df-e56e-46e0-9cfc-79fca72bf722,2019-07-04,8aba4253-319a-4efb-952a-6e765c273471,1561949396,34.04865735210478,-118.41334635391831
2cac11c2-46af-4802-9fc3-b40d8f005cf9,2019-07-04,8aba4253-319a-4efb-952a-6e765c273471,1561950072,34.04854620806873,-118.4136631898582
0a77be4f-031d-449a-988c-c2bbb244c48a,2019-07-04,8aba4253-319a-4efb-952a-6e765c273471,1561950312,34.04865735210478,-118.41334635391831
6a74afb9-6100-4a83-8870-6ecc83e6493b,2019-07-04,8aba4253-319a-4efb-952a-6e765c273471,1561950792,34.04865735210478,-118.41334635391831
6ecaa0a5-81bb-4121-ad70-1b369c270b1b,2019-07-04,8aba4253-319a-4efb-952a-6e765c273471,1561951748,34.04854620806873,-118.4136631898582
512fc396-d904-48a9-8cc8-814b10bdb4ad,2019-07-04,8aba4253-319a-4efb-952a-6e765c273471,1561951764,34.04854620806873,-118.4136631898582
555a196d-79e3-4bff-8445-651bb7e8109a,2019-07-04,8aba4253-319a-4efb-952a-6e765c273471,1561951780,34.04854620806873,-118.4136631898582
24ea03e1-0f76-4c5f-af77-aacdba23b2a8,2019-07-04,8aba4253-319a-4efb-952a-6e765c273471,1561951796,34.04854620806873,-118.4136631898582
a2bbc918-3973-4564-993b-09e10b44aa32,2019-07-04,8aba4253-319a-4efb-952a-6e765c273471,1561951812,34.04854620806873,-118.4136631898582
f181c7df-5c02-4156-8a9c-8fc80f982eba,2019-07-04,8aba4253-319a-4efb-952a-6e765c273471,1561951828,34.04865735210478,-118.41334635391831
aeb14a24-8bf2-4bb7-b4f4-63f0ace6c32e,2019-07-04,8aba4253-319a-4efb-952a-6e765c273471,1561951844,34.04865735210478,-118.41334635391831
f230747d-6f14-4ad1-898e-6098151c7bbc,2019-07-04,8aba4253-319a-4efb-952a-6e765c273471,1561952684,34.04854620806873,-118.4136631898582
796c3e10-ed47-4ba7-9360-c4d564864116,2019-07-04,8aba4253-319a-4efb-952a-6e765c273471,1561952688,34.04865735210478,-118.41334635391831
16d7d065-f91f-4150-8a03-eca6ba04373a,2019-07-04,8aba4253-319a-4efb-952a-6e765c273471,1561952700,34.04854620806873,-118.4136631898582
6c0025ee-4ff2-4e21-8649-8e2b1a8f1971,2019-07-04,8aba4253-319a-4efb-952a-6e765c273471,1561952712,34.04865735210478,-118.41334635391831
e5887926-5283-4b61-9876-1f80a0d57005,2019-07-04,8aba4253-319a-4efb-952a-6e765c273471,1561952772,34.04854620806873,-118.4136631898582
2ca6eede-0c92-4205-8f32-91c41e5fe3bb,2019-07-04,8aba4253-319a-4efb-952a-6e765c273471,1561952904,34.04865735210478,-118.41334635391831
f447a925-4301-4494-b310-bdcf76faa72c,2019-07-04,8aba4253-319a-4efb-952a-6e765c273471,1561952912,34.04854620806873,-118.4136631898582
f02ce739-fae2-4b74-9afe-71be5113ef46,2019-07-04,8aba4253-319a-4efb-952a-6e765c273471,1561953248,34.04854620806873,-118.4136631898582
3450e119-add9-4a5b-b822-aee04789f0da,2019-07-04,8aba4253-319a-4efb-952a-6e765c273471,1561953868,34.04865735210478,-118.41334635391831
65d8bf5b-22af-4496-b330-3d88d0b9781f,2019-07-04,8aba4253-319a-4efb-952a-6e765c273471,1561953880,34.04854620806873,-118.4136631898582
35162032-d104-432c-ad77-31741f755c44,2019-07-04,8aba4253-319a-4efb-952a-6e765c273471,1561953884,34.04865735210478,-118.41334635391831
723e1ff5-02ac-4519-b297-3d0eb3727898,2019-07-04,8aba4253-319a-4efb-952a-6e765c273471,1561953896,34.04854620806873,-118.4136631898582
b5dab024-69a8-44ec-aa14-4db86e83bd00,2019-07-04,8aba4253-319a-4efb-952a-6e765c273471,1561953900,34.04865735210478,-118.41334635391831
39c45bfb-3aac-4284-8ed0-cfa024cd3e2f,2019-07-04,8aba4253-319a-4efb-952a-6e765c273471,1561953916,34.04865735210478,-118.41334635391831
d57bb7d1-31f7-45f8-ab11-76b201b86c4a,2019-07-04,8aba4253-319a-4efb-952a-6e765c273471,1561954528,34.04854620806873,-118.4136631898582
ee3a7d1d-8cb7-4bf3-9f31-e30ff93e80b7,2019-07-04,8aba4253-319a-4efb-952a-6e765c273471,1561954544,34.04854620806873,-118.4136631898582
3cc0a9d2-3e89-4bb7-87ea-56fed6be01a5,2019-07-04,8aba4253-319a-4efb-952a-6e765c273471,1561954668,34.04865735210478,-118.41334635391831
20e9affd-1d88-47d3-923a-b9bd70654694,2019-07-04,8aba4253-319a-4efb-952a-6e765c273471,1561954684,34.04865735210478,-118.41334635391831
09ebbfb5-2182-42fc-90e3-7e99ab012a42,2019-07-04,8aba4253-319a-4efb-952a-6e765c273471,1561954820,34.04854620806873,-118.4136631898582
1025182e-29f6-4dc9-a8ce-5477d7be1c53,2019-07-04,8aba4253-319a-4efb-952a-6e765c273471,1561955420,34.04865735210478,-118.41334635391831
2797ee58-82ef-4d56-b865-cfab74484fe6,2019-07-04,8aba4253-319a-4efb-952a-6e765c273471,1561955436,34.04854620806873,-118.4136631898582
fb9e90c1-c4c4-4749-ac74-f2446db21423,2019-07-04,8aba4253-319a-4efb-952a-6e765c273471,1561955452,34.04854620806873,-118.4136631898582
494bdc21-a424-41ee-8953-bb6cd874bb29,2019-07-04,8aba4253-319a-4efb-952a-6e765c273471,1561955468,34.04865735210478,-118.41334635391831
41dec39b-e8eb-4b33-b1ad-615be4f0c830,2019-07-04,8aba4253-319a-4efb-952a-6e765c273471,1561955488,34.04865735210478,-118.41334635391831
f83ef056-6c38-4596-83a8-85abe427b308,2019-07-04,8aba4253-319a-4efb-952a-6e765c273471,1561955504,34.04865735210478,-118.41334635391831
2e9f42eb-797a-49a7-859f-ffbd865067ac,2019-07-04,8aba4253-319a-4efb-952a-6e765c273471,1561955520,34.04865735210478,-118.41334635391831
c5fa9389-8542-4de4-9e86-65d88f932126,2019-07-04,8aba4253-319a-4efb-952a-6e765c273471,1561960068,34.04854620806873,-118.4136631898582
eefdb26e-4480-4f7b-87b6-f626374320b1,2019-07-04,8aba4253-319a-4efb-952a-6e765c273471,1561961828,34.04854620806873,-118.4136631898582
3a526dc4-f67b-4dd4-a7df-a1885194a881,2019-07-04,8aba4253-319a-4efb-952a-6e765c273471,1561962500,34.04865735210478,-118.41334635391831
e481db7c-891e-4394-a06b-a0e6cdf09d61,2019-07-04,8aba4253-319a-4efb-952a-6e765c273471,1561962688,34.04854620806873,-118.4136631898582
93a89d33-c550-4e85-aade-c62b9f1c81f1,2019-07-04,8aba4253-319a-4efb-952a-6e765c273471,1561962704,34.04854620806873,-118.4136631898582
4bb4dae6-9736-4fd1-ac0c-2bec3b2c4971,2019-07-04,8aba4253-319a-4efb-952a-6e765c273471,1561945994,34.050811836495996,-118.43790264800191
4a3b6f54-2b77-4c45-9441-c6e321e4ff99,2019-07-04,8aba4253-319a-4efb-952a-6e765c273471,1561941754,34.04854620806873,-118.4136631898582
739cab97-99df-4396-b4d5-cb2cafe81114,2019-07-04,8aba4253-319a-4efb-952a-6e765c273471,1561942130,34.05380199663341,-118.42972895130515
48b70b1c-d7aa-4422-a0fe-98c53c6e557b,2019-07-04,8aba4253-319a-4efb-952a-6e765c273471,1561942490,34.0592956636101,-118.44540243968368
706c45f9-6833-4c05-8039-0c190e5a7fbd,2019-07-04,8aba4253-319a-4efb-952a-6e765c273471,1561944826,34.060333175584674,-118.4455737657845
29ef20fa-c6cb-4cc9-8430-49dd9decc440,2019-07-04,8aba4253-319a-4efb-952a-6e765c273471,1561944942,34.05944804660976,-118.44454413279891
028f160e-ec8c-4d38-976b-250ef9a15e78,2019-07-04,8aba4253-319a-4efb-952a-6e765c273471,1561944946,34.05950906686485,-118.44443215057254
abcd957c-a3e3-41f8-904a-bd1d525710fb,2019-07-04,8aba4253-319a-4efb-952a-6e765c273471,1561945542,34.060394363477826,-118.4452455304563
53e8950a-33a5-44ec-aa01-92a6ae561115,2019-07-04,8aba4253-319a-4efb-952a-6e765c273471,1561945822,34.062408367171884,-118.44729306176305
1dcea7b8-f074-49a2-9fba-31f7a6ddcadc,2019-07-04,8aba4253-319a-4efb-952a-6e765c273471,1561945858,34.062347346916795,-118.44541685655713
ed886598-c254-430f-9cb7-48787a40f8da,2019-07-04,8aba4253-319a-4efb-952a-6e765c273471,1561945930,34.05718996189535,-118.44303304329515
ff04fa50-4344-437d-8b61-6e9d9f07a14b,2019-07-04,8aba4253-319a-4efb-952a-6e765c273471,1561945966,34.054565420374274,-118.44112431630492
00cf58e8-6562-4e79-9598-4724045a31e2,2019-07-04,8aba4253-319a-4efb-952a-6e765c273471,1561945974,34.05368045903742,-118.44030926004052
e922b964-aa00-4043-9e68-df1f6734deaa,2019-07-04,8aba4253-319a-4efb-952a-6e765c273471,1561946206,34.04400606639683,-118.4315169788897
fb7b2971-94d5-4bb0-beeb-155db7bbec28,2019-07-04,8aba4253-319a-4efb-952a-6e765c273471,1561946238,34.045257987454534,-118.42943189665675
669b8da1-522b-479d-a108-6a8266fd9d23,2019-07-04,8aba4253-319a-4efb-952a-6e765c273471,1561946242,34.04559292830527,-118.42886494472623
1e2ca6e0-a0a8-4f42-a42f-037e69ce460c,2019-07-04,8aba4253-319a-4efb-952a-6e765c273471,1561946266,34.04650873504579,-118.42729384079576
8f8e1470-e9d9-49c5-97cf-4568cd98e054,2019-07-04,8aba4253-319a-4efb-952a-6e765c273471,1561946278,34.04748539440334,-118.42566372826695
f169981f-a3eb-4217-b68a-99f092dbcf91,2019-07-04,8aba4253-319a-4efb-952a-6e765c273471,1561946294,34.04904174618423,-118.42284874990582
11218d17-285c-46b1-a695-beb6b8e592be,2019-07-04,8aba4253-319a-4efb-952a-6e765c273471,1561946302,34.04965194873512,-118.4213768877089
bda76b28-d215-4297-94a9-87bfa4d7beab,2019-07-04,8aba4253-319a-4efb-952a-6e765c273471,1561948154,34.04865735210478,-118.41334635391831
bb0c6952-4003-4118-824c-528a62740079,2019-07-04,8aba4253-319a-4efb-952a-6e765c273471,1561948170,34.04865735210478,-118.41334635391831
598d3c02-899d-4372-a56e-7da5a84d4310,2019-07-04,8aba4253-319a-4efb-952a-6e765c273471,1561948186,34.04865735210478,-118.41334635391831
8d2dbf9d-4e62-4ade-8ab3-00072bb8d6f3,2019-07-04,8aba4253-319a-4efb-952a-6e765c273471,1561948202,34.04865735210478,-118.41334635391831
3a1c1657-1fcf-4fca-b677-d70ddc9f5182,2019-07-04,8aba4253-319a-4efb-952a-6e765c273471,1561948218,34.04865735210478,-118.41334635391831
04105524-deb9-453e-bf9b-b0b362b51531,2019-07-04,8aba4253-319a-4efb-952a-6e765c273471,1561948234,34.04865735210478,-118.41334635391831
bbaffc30-fbd8-4e5e-8244-09b0431e7524,2019-07-04,8aba4253-319a-4efb-952a-6e765c273471,1561948262,34.04854620806873,-118.4136631898582
35edc707-0e08-4fba-a80e-8dead4c4a618,2019-07-04,8aba4253-319a-4efb-952a-6e765c273471,1561948278,34.04854620806873,-118.4136631898582
dbb3b2e8-293b-45cb-9b55-a3300d51993a,2019-07-04,8aba4253-319a-4efb-952a-6e765c273471,1561948294,34.04854620806873,-118.4136631898582
8208e807-357c-487f-92be-1d3ee15aa9be,2019-07-04,8aba4253-319a-4efb-952a-6e765c273471,1561948310,34.04854620806873,-118.4136631898582
7f51322f-ceca-4308-a091-adf28b198cdb,2019-07-04,8aba4253-319a-4efb-952a-6e765c273471,1561949254,34.04865735210478,-118.41334635391831
8c45a1ff-2dd5-42b6-94da-db7874f5b21e,2019-07-04,8aba4253-319a-4efb-952a-6e765c273471,1561949270,34.04865735210478,-118.41334635391831
dc503619-b70b-43c6-9c62-83618aea7254,2019-07-04,8aba4253-319a-4efb-952a-6e765c273471,1561949286,34.04865735210478,-118.41334635391831
056fc5e3-da9a-4d79-bee2-adda04fafa31,2019-07-04,8aba4253-319a-4efb-952a-6e765c273471,1561949302,34.04865735210478,-118.41334635391831
8f006bf8-fb06-45b0-acdf-c6ed103689af,2019-07-04,8aba4253-319a-4efb-952a-6e765c273471,1561951446,34.049072256311774,-118.41332456097007
54c2f7a5-1b52-4dbf-b89d-70d77dd89cc5,2019-07-04,8aba4253-319a-4efb-952a-6e765c273471,1561951694,34.04907192103565,-118.41339496895671
b9147a5d-8193-4dc2-b4e9-1284782be93a,2019-07-04,8aba4253-319a-4efb-952a-6e765c273471,1561951750,34.04865735210478,-118.41334635391831
193a5afb-e891-4f41-9be3-c896f5084e87,2019-07-04,8aba4253-319a-4efb-952a-6e765c273471,1561953034,34.04865735210478,-118.41334635391831
5b793d63-bf54-4343-ade5-808728cd6198,2019-07-04,8aba4253-319a-4efb-952a-6e765c273471,1561953250,34.04865735210478,-118.41334635391831
bae04893-db90-4ed0-9899-17837b0c9383,2019-07-04,8aba4253-319a-4efb-952a-6e765c273471,1561953738,34.04854620806873,-118.4136631898582
927ae00e-2dcb-4050-807f-9dae40d0a095,2019-07-04,8aba4253-319a-4efb-952a-6e765c273471,1561953742,34.04865735210478,-118.41334635391831
d68abc83-10aa-4553-aeff-503b0c9416ad,2019-07-04,8aba4253-319a-4efb-952a-6e765c273471,1561953754,34.04854620806873,-118.4136631898582
2e2c948c-5157-454d-ade2-49af53443e88,2019-07-04,8aba4253-319a-4efb-952a-6e765c273471,1561953758,34.04865735210478,-118.41334635391831
5238fe0a-5837-463a-b69a-79aa06a47134,2019-07-04,8aba4253-319a-4efb-952a-6e765c273471,1561953770,34.04854620806873,-118.4136631898582
74006c98-424e-4b93-947c-ea68078022d0,2019-07-04,8aba4253-319a-4efb-952a-6e765c273471,1561953786,34.04854620806873,-118.4136631898582
e6112bbb-eeb9-4584-abe0-5e045656c626,2019-07-04,8aba4253-319a-4efb-952a-6e765c273471,1561953802,34.04854620806873,-118.4136631898582
62c35e17-755b-4ad0-b5a8-71db96510dc9,2019-07-04,8aba4253-319a-4efb-952a-6e765c273471,1561953818,34.04854620806873,-118.4136631898582
49ec2364-efc0-4b2a-85d5-4d5c5f52f364,2019-07-04,8aba4253-319a-4efb-952a-6e765c273471,1561953834,34.04854620806873,-118.4136631898582
e541dd8c-d13d-40a4-b609-197151b3b48b,2019-07-04,8aba4253-319a-4efb-952a-6e765c273471,1561954514,34.04865735210478,-118.41334635391831
c6a6d6a2-b12b-4746-b018-5b5d8b2d24f0,2019-07-04,8aba4253-319a-4efb-952a-6e765c273471,1561954530,34.04865735210478,-118.41334635391831
d84078ec-36e9-4c15-bafe-44284f5f903e,2019-07-04,8aba4253-319a-4efb-952a-6e765c273471,1561954818,34.04865735210478,-118.41334635391831
1fe8309f-d949-4285-baf0-cf5df65e1609,2019-07-04,8aba4253-319a-4efb-952a-6e765c273471,1561955594,34.04854620806873,-118.4136631898582
a1b5f0cb-e596-4cf2-bc7e-cb5bf75835ef,2019-07-04,8aba4253-319a-4efb-952a-6e765c273471,1561956314,34.04901106841862,-118.41343989595771
ef5bd145-0b2a-4c5d-9a64-da50c964c9dc,2019-07-04,8aba4253-319a-4efb-952a-6e765c273471,1561960306,34.04865735210478,-118.41334635391831
2efef71d-08fe-4aa5-af73-2158b30d1a32,2019-07-04,8aba4253-319a-4efb-952a-6e765c273471,1561962594,34.04865735210478,-118.41334635391831
88c15d7d-382f-4684-9c8a-250976de4795,2019-07-04,8aba4253-319a-4efb-952a-6e765c273471,1561962610,34.04854620806873,-118.4136631898582
704beb81-be34-4af3-a359-d1465589b6b5,2019-07-04,8aba4253-319a-4efb-952a-6e765c273471,1561962626,34.04854620806873,-118.4136631898582
42036e62-e2bb-4aad-a6db-6b510e23d4c8,2019-07-04,8aba4253-319a-4efb-952a-6e765c273471,1561962642,34.04865735210478,-118.41334635391831
44ca7a0b-b32a-4020-bf85-255203717c14,2019-07-04,8aba4253-319a-4efb-952a-6e765c273471,1561963858,34.04865735210478,-118.41334635391831
5dae9865-c371-4108-bb18-85c7476ef291,2019-07-04,8aba4253-319a-4efb-952a-6e765c273471,1561962641,34.04854620806873,-118.4136631898582
ea15c6b4-1d25-4d2f-812f-5fdb9ef94220,2019-07-04,8aba4253-319a-4efb-952a-6e765c273471,1561954517,34.049022970721126,-118.4134261496365
a666a10e-1ea9-4163-8b26-8c94ecae58d3,2019-07-04,8aba4253-319a-4efb-952a-6e765c273471,1561954649,34.04854620806873,-118.4136631898582
50478f14-76e5-4474-842a-8d336dca9fe6,2019-07-04,8aba4253-319a-4efb-952a-6e765c273471,1561954653,34.04865735210478,-118.41334635391831
b9d105c6-3b7f-4d14-a7ce-0d8c75a19dbc,2019-07-04,8aba4253-319a-4efb-952a-6e765c273471,1561954665,34.04854620806873,-118.4136631898582
0301a81a-33a7-4962-be8d-9ba08963c136,2019-07-04,8aba4253-319a-4efb-952a-6e765c273471,1561954681,34.04854620806873,-118.4136631898582
0a41b828-b7f7-412a-88e5-80a24cb8caa1,2019-07-04,8aba4253-319a-4efb-952a-6e765c273471,1561948249,34.04865735210478,-118.41334635391831
d5a069b9-a9af-4bfa-92db-7ffc972da549,2019-07-04,8aba4253-319a-4efb-952a-6e765c273471,1561948265,34.04865735210478,-118.41334635391831
b56d31e8-6f10-4b61-8c1b-1e73fc1f6402,2019-07-04,8aba4253-319a-4efb-952a-6e765c273471,1561948325,34.04854620806873,-118.4136631898582
1105b1e4-9b4d-423f-a717-c749457ec25b,2019-07-04,8aba4253-319a-4efb-952a-6e765c273471,1561949217,34.04854620806873,-118.4136631898582
186ac81c-2d68-4ad6-bb9b-b0343e76201f,2019-07-04,8aba4253-319a-4efb-952a-6e765c273471,1561942117,34.05465695075691,-118.42829899862409
78cd8954-18c2-4222-bfde-7c53f27d2bcb,2019-07-04,8aba4253-319a-4efb-952a-6e765c273471,1561949233,34.04865735210478,-118.41334635391831
c1f098c1-471d-44fe-9b99-0cc066dea09f,2019-07-04,8aba4253-319a-4efb-952a-6e765c273471,1561949317,34.04865735210478,-118.41334635391831
1188d59a-cfaa-4ebb-93df-caf7fbeaf3b7,2019-07-04,8aba4253-319a-4efb-952a-6e765c273471,1561942241,34.050200963392854,-118.43730384483933
193f6b4f-7714-4e9f-b427-c42dbf2f7114,2019-07-04,8aba4253-319a-4efb-952a-6e765c273471,1561949333,34.04865735210478,-118.41334635391831
5b10e756-9efa-404b-8335-8f83f7fd12ed,2019-07-04,8aba4253-319a-4efb-952a-6e765c273471,1561942265,34.05358892865479,-118.44017313793302
07aff5fa-3c38-43fb-8dc6-49b58637b9ce,2019-07-04,8aba4253-319a-4efb-952a-6e765c273471,1561942309,34.054840011522174,-118.44137208536267
eda0acd5-d508-47d4-86fe-d92c030383e9,2019-07-04,8aba4253-319a-4efb-952a-6e765c273471,1561942365,34.058562917634845,-118.44357283785939
154f598f-bce0-4398-ab13-942d949dd7a8,2019-07-04,8aba4253-319a-4efb-952a-6e765c273471,1561949349,34.04865735210478,-118.41334635391831
45be3537-2f97-46e3-827e-07dc898eeced,2019-07-04,8aba4253-319a-4efb-952a-6e765c273471,1561949365,34.04865735210478,-118.41334635391831
46514d28-87fb-4be6-a014-17f5952a920a,2019-07-04,8aba4253-319a-4efb-952a-6e765c273471,1561949849,34.04854620806873,-118.4136631898582
64a54968-802d-4533-b71c-a098581e42b1,2019-07-04,8aba4253-319a-4efb-952a-6e765c273471,1561949865,34.04854620806873,-118.4136631898582
fa533a6d-64b5-4c9f-a19e-644244b1cbaf,2019-07-04,8aba4253-319a-4efb-952a-6e765c273471,1561954697,34.04854620806873,-118.4136631898582
8ec0563f-6231-4b39-871c-83e38ee7949e,2019-07-04,8aba4253-319a-4efb-952a-6e765c273471,1561950793,34.04854620806873,-118.4136631898582
2f7ee660-3de8-418a-9ddc-fe2b94a709b3,2019-07-04,8aba4253-319a-4efb-952a-6e765c273471,1561962657,34.04854620806873,-118.4136631898582
7f85d812-ec17-429e-b97c-4d9b953fc033,2019-07-04,8aba4253-319a-4efb-952a-6e765c273471,1561957985,34.04865735210478,-118.41334635391831
13f50a11-cc96-40d7-9da3-037736f42eba,2019-07-04,8aba4253-319a-4efb-952a-6e765c273471,1561962673,34.04865735210478,-118.41334635391831
07173eea-0a62-4916-b538-234f1cba83bd,2019-07-04,8aba4253-319a-4efb-952a-6e765c273471,1561951589,34.04865735210478,-118.41334635391831
6de7d20b-818a-484e-b674-a0dc7d96ad51,2019-07-04,8aba4253-319a-4efb-952a-6e765c273471,1561944949,34.05954007990658,-118.44445092603564
7c00e9d3-fee4-4875-ad65-fb8b7933f6c5,2019-07-04,8aba4253-319a-4efb-952a-6e765c273471,1561944957,34.05960495583713,-118.44460414722562
6b13f55b-17f7-4300-8c2c-c1908f1c1de0,2019-07-04,8aba4253-319a-4efb-952a-6e765c273471,1561951765,34.04865735210478,-118.41334635391831
b6f39813-4f51-492c-86fa-df10a1e9454b,2019-07-04,8aba4253-319a-4efb-952a-6e765c273471,1561951781,34.04865735210478,-118.41334635391831
12c7efde-7592-42f3-8722-995d2a528cb0,2019-07-04,8aba4253-319a-4efb-952a-6e765c273471,1561945505,34.060333175584674,-118.44508929178119
76763480-91d8-4912-b4a2-5de64e440385,2019-07-04,8aba4253-319a-4efb-952a-6e765c273471,1561959725,34.04865735210478,-118.41334635391831
dc9c070b-31dd-4c58-89fe-9e2191cdc790,2019-07-04,8aba4253-319a-4efb-952a-6e765c273471,1561952837,34.04854620806873,-118.4136631898582
bc4a1398-53b0-46ff-8531-2a05ba35f329,2019-07-04,8aba4253-319a-4efb-952a-6e765c273471,1561959781,34.04854620806873,-118.4136631898582
bc91ca9a-18e7-438d-9698-53506d9dee23,2019-07-04,8aba4253-319a-4efb-952a-6e765c273471,1561953033,34.04854620806873,-118.4136631898582
7be134a6-3ba7-493f-9a58-8b20ccde5be0,2019-07-04,8aba4253-319a-4efb-952a-6e765c273471,1561945777,34.06176798976958,-118.44775205478072
b7f5b692-99d3-4332-a395-47368d61a8b6,2019-07-04,8aba4253-319a-4efb-952a-6e765c273471,1561960517,34.04865735210478,-118.41334635391831
5218096c-ab8e-4fea-9a1a-0d80f6d2fb38,2019-07-04,8aba4253-319a-4efb-952a-6e765c273471,1561953773,34.04865735210478,-118.41334635391831
7926a6b4-0c6f-487d-b305-a0d6255d980b,2019-07-04,8aba4253-319a-4efb-952a-6e765c273471,1561953789,34.04865735210478,-118.41334635391831
24544cb2-d9b4-433d-9068-87467b19c4f6,2019-07-04,8aba4253-319a-4efb-952a-6e765c273471,1561945865,34.0614318754524,-118.44550939276814
e28941d1-167b-4ab5-8c1c-a67758e1c057,2019-07-04,8aba4253-319a-4efb-952a-6e765c273471,1561945881,34.05975348316133,-118.44483716413379
6a8515cf-187c-48c7-a06d-90d6582e5790,2019-07-04,8aba4253-319a-4efb-952a-6e765c273471,1561945885,34.05935668386519,-118.44447808340192
6b4828d2-203d-4d36-9f82-b94769934d69,2019-07-04,8aba4253-319a-4efb-952a-6e765c273471,1561953805,34.04865735210478,-118.41334635391831
c5634aad-fdd4-4583-a88c-4313416bb9df,2019-07-04,8aba4253-319a-4efb-952a-6e765c273471,1561945965,34.054564917460084,-118.44110889360309
ece12de1-9221-4ed0-abe9-43cf5df25991,2019-07-04,8aba4253-319a-4efb-952a-6e765c273471,1561953821,34.04865735210478,-118.41334635391831
11b19983-6b37-4001-9233-1906826fa2bc,2019-07-04,8aba4253-319a-4efb-952a-6e765c273471,1561953837,34.04865735210478,-118.41334635391831
0302468f-7b74-4020-9f1c-addec24ad86c,2019-07-04,8aba4253-319a-4efb-952a-6e765c273471,1561953849,34.04854620806873,-118.4136631898582
b7ec1da1-36b8-4e7b-aeaf-0abbc2d0998e,2019-07-04,8aba4253-319a-4efb-952a-6e765c273471,1561946265,34.0464701782912,-118.42740783467889
6e60f7ee-3e9d-4438-abe9-c676f444168b,2019-07-04,8aba4253-319a-4efb-952a-6e765c273471,1561953853,34.04865735210478,-118.41334635391831
4c0e69ed-acb3-402e-b82b-80a92cc7e9de,2019-07-04,8aba4253-319a-4efb-952a-6e765c273471,1561953865,34.04854620806873,-118.4136631898582
0f1c81f5-650b-4ebe-aa68-3e482703a811,2019-07-04,8aba4253-319a-4efb-952a-6e765c273471,1561961761,34.04854620806873,-118.4136631898582
5e21cace-6a16-4dbb-8a33-f7d313424791,2019-07-04,8aba4253-319a-4efb-952a-6e765c273471,1561954265,34.04865735210478,-118.41334635391831
0606f800-38b1-43a4-9d93-89a5fd2ad6ff,2019-07-04,8aba4253-319a-4efb-952a-6e765c273471,1561946465,34.050049083307385,-118.41441789641976
dbca6997-f250-4630-951b-4b309182b39a,2019-07-04,8aba4253-319a-4efb-952a-6e765c273471,1561941769,34.04854620806873,-118.4136631898582
