,uid,ingested_date,localid,ts,lat,lng,c_label
0,295c302c-8a43-4d05-9254-ef3990061be3,2019-07-02,8aba4253-319a-4efb-952a-6e765c273471,1561909046,34.049017941579216,-118.41348214074971,-1
1,5b31c75d-5711-4e22-9e59-5e0e11e40e3e,2019-07-02,8aba4253-319a-4efb-952a-6e765c273471,1561925750,34.049089020118124,-118.41342614963649,0
2,9e604423-a975-4bab-a7da-2b549a2d95cf,2019-07-02,8aba4253-319a-4efb-952a-6e765c273471,1561925766,34.04908399097621,-118.41341609135272,0
3,a0b975dd-a5d8-413a-bc20-52e481393101,2019-07-02,8aba4253-319a-4efb-952a-6e765c273471,1561937070,34.049084996804595,-118.41341709718107,1
4,f81fda61-a4dc-4be7-8360-cb0a11587c1b,2019-07-02,8aba4253-319a-4efb-952a-6e765c273471,1561937098,34.04899095185101,-118.41349387541412,1
5,266ebf07-4a14-4b54-889d-2fc71091d9f1,2019-07-02,8aba4253-319a-4efb-952a-6e765c273471,1561937118,34.04946201480925,-118.41353913769127,1
6,01ad8310-6e84-4013-98dd-a6dd0f93c93d,2019-07-02,8aba4253-319a-4efb-952a-6e765c273471,1561937790,34.04814002104104,-118.41560410335659,2
7,0047855a-3375-42b3-a921-d649ac19e42a,2019-07-02,8aba4253-319a-4efb-952a-6e765c273471,1561918422,34.049017941579216,-118.41348214074971,-1
8,d5197d61-c650-4030-b248-866e57641327,2019-07-02,8aba4253-319a-4efb-952a-6e765c273471,1561891270,34.04899983666837,-118.41300202533606,3
9,c408cb32-ded2-4e85-92ec-15aca8dea0df,2019-07-02,8aba4253-319a-4efb-952a-6e765c273471,1561891274,34.04906907118857,-118.41345699504019,3
10,48147dec-2335-4dd3-b60c-a518c8c3296b,2019-07-02,8aba4253-319a-4efb-952a-6e765c273471,1561891298,34.04907393269241,-118.41344693675636,3
11,180d0c0e-dce7-42bc-86fb-386bd14eb21b,2019-07-02,8aba4253-319a-4efb-952a-6e765c273471,1561892202,34.04907393269241,-118.41344693675636,4
12,52f50e36-f419-4dcf-b738-8b145f01cb32,2019-07-02,8aba4253-319a-4efb-952a-6e765c273471,1561901182,34.04907493852079,-118.4134150855243,-1
13,14807319-608e-4919-b7c2-713c636e0c8a,2019-07-02,8aba4253-319a-4efb-952a-6e765c273471,1561908858,34.04907493852079,-118.4134150855243,-1
14,87e8f702-6951-4829-9a36-66d3b60819b6,2019-07-02,8aba4253-319a-4efb-952a-6e765c273471,1561925745,34.049089020118124,-118.41342614963649,0
15,d893e245-f1e4-47c8-ab88-58dbcf5ddd4d,2019-07-02,8aba4253-319a-4efb-952a-6e765c273471,1561891277,34.04904962517321,-118.4134449250996,3
16,2ab7817b-11b8-4f9b-b956-1620e3525c61,2019-07-02,8aba4253-319a-4efb-952a-6e765c273471,1561891293,34.049078961834304,-118.41349387541412,3
17,6c33e770-90a7-4453-98d7-87b6162e813c,2019-07-02,8aba4253-319a-4efb-952a-6e765c273471,1561891301,34.04907393269241,-118.41344693675636,3
18,8ff2b7bd-fd4e-4933-8ebc-519159a62718,2019-07-02,8aba4253-319a-4efb-952a-6e765c273471,1561891309,34.04907393269241,-118.41344693675636,3
19,3bab931b-7a79-4b55-a076-fdc81ab30787,2019-07-02,8aba4253-319a-4efb-952a-6e765c273471,1561937425,34.049857975915074,-118.41484604403375,-1
20,57465b8e-eef3-409e-a19f-b265571d75c9,2019-07-02,8aba4253-319a-4efb-952a-6e765c273471,1561892233,34.049051972106106,-118.41343821957709,4
21,cd9b59a8-f85e-4903-baff-6b6d0e2eeec1,2019-07-02,8aba4253-319a-4efb-952a-6e765c273471,1561938137,34.049045937135816,-118.4133999980986,2
22,3b4ec4d1-593b-4969-92d3-fe1ab09893a6,2019-07-02,8aba4253-319a-4efb-952a-6e765c273471,1561912823,34.049017941579216,-118.41348214074971,-1
23,b43e0c82-f574-4c7c-8ece-f5a352d5bb9e,2019-07-02,8aba4253-319a-4efb-952a-6e765c273471,1561891295,34.04907393269241,-118.41344693675636,3
24,52d1550d-f05d-451c-ab8e-3b619280e7ef,2019-07-02,8aba4253-319a-4efb-952a-6e765c273471,1561937843,34.048531958833344,-118.41497210785748,2
25,6c5cc167-2a31-4578-afd1-0f825255e928,2019-07-02,8aba4253-319a-4efb-952a-6e765c273471,1561937975,34.048962956294424,-118.414104077965,2
26,bcb5c13f-af83-41e1-a149-fc6bebda2cfe,2019-07-02,8aba4253-319a-4efb-952a-6e765c273471,1561938171,34.049034034833305,-118.41340402141212,2
27,379d9d48-cbaf-4ba9-a190-dfaeaa3a278e,2019-07-02,8aba4253-319a-4efb-952a-6e765c273471,1561892435,34.04907493852079,-118.4134150855243,4
28,80cbf222-757a-4def-a4aa-24e9855184a0,2019-07-02,8aba4253-319a-4efb-952a-6e765c273471,1561900983,34.04907493852079,-118.4134150855243,-1
29,bb20732c-6212-439a-8b2e-b882bf484d13,2019-07-02,8aba4253-319a-4efb-952a-6e765c273471,1561891271,34.04904174618423,-118.41345733031629,3
30,59d0c964-fb5c-47a7-b5ac-980bf85f0c6a,2019-07-02,8aba4253-319a-4efb-952a-6e765c273471,1561925748,34.04907225631177,-118.41342614963649,0
31,f2a95d7f-5196-4420-8a74-5d69c07b3bd8,2019-07-02,8aba4253-319a-4efb-952a-6e765c273471,1561937788,34.04809593223035,-118.41561214998363,2
32,b7806979-f00a-4edc-a278-c05570bef497,2019-07-02,8aba4253-319a-4efb-952a-6e765c273471,1561938052,34.049486992880695,-118.41351902112363,2
33,13ee4a4d-2a85-4833-b287-ff521e2dfad6,2019-07-02,8aba4253-319a-4efb-952a-6e765c273471,1561931784,34.04906303621829,-118.41343486681579,-1
34,1e762066-3871-4bad-8e0a-20f9690b5279,2019-07-02,8aba4253-319a-4efb-952a-6e765c273471,1561936748,34.048948036506765,-118.41335305944084,-1
35,dff681fc-c07a-4810-961e-dd73d9ef3ed8,2019-07-02,8aba4253-319a-4efb-952a-6e765c273471,1561938120,34.049469055607915,-118.41351902112363,2
36,6397a2e1-5e14-4426-9a84-37eb2f14861e,2019-07-02,8aba4253-319a-4efb-952a-6e765c273471,1561937420,34.04985093511641,-118.41493288055064,-1
37,e73305bb-b731-4274-bcaf-4ff14bc57dad,2019-07-02,8aba4253-319a-4efb-952a-6e765c273471,1561891284,34.04860001988709,-118.44240004196764,3
38,59aed5b4-f92b-4145-b3d3-c49e65847ce6,2019-07-02,8aba4253-319a-4efb-952a-6e765c273471,1561913016,34.049017941579216,-118.41348214074971,-1
