activity,starttimestamp,ts,lng, lat
STATIONARY,1561878349,1561878505, -118.41224832460284, 34.04737659730017
STATIONARY,1561878349,1561879778, -118.41224832460284, 34.04737659730017
STATIONARY,1561878349,1561879883, -118.41224832460284, 34.04737659730017
STATIONARY,1561878349,1561879910, -118.41224832460284, 34.04737659730017
STATIONARY,1561878349,1561879941, -118.41224832460284, 34.04737659730017
STATIONARY,1561878349,1561880061, -118.41224832460284, 34.04737659730017
STATIONARY,1561878349,1561881616, -118.41224832460284, 34.04737659730017
STATIONARY,1561878349,1561881641, -118.41224832460284, 34.04737659730017
STATIONARY,1561878349,1561881957, -118.41224832460284, 34.04737659730017
STATIONARY,1561878349,1561882077, -118.41224832460284, 34.04737659730017
STATIONARY,1561878349,1561882810, -118.41224832460284, 34.04737659730017
STATIONARY,1561882810,1561884879, -118.41334635391831, 34.04865735210478
STATIONARY,1561882810,1561884882, -118.4136631898582, 34.04854620806873
STATIONARY,1561882810,1561885384, -118.41334635391831, 34.04865735210478
STATIONARY,1561882810,1561885391, -118.4136631898582, 34.04854620806873
RUNNING,1561890802,1561890803, -118.41334635391831, 34.04865735210478
RUNNING,1561890802,1561890877, -118.41224832460284, 34.04737659730017
WALKING,1561937098,1561937099, -118.4136269800365, 34.04948749579489
WALKING,1561937098,1561937119, -118.41341709718108, 34.04907192103565
WALKING,1561937098,1561937482, -118.41493321582675, 34.0498495940119
WALKING,1561937098,1561937487, -118.41484202072024, 34.049828136339784
WALKING,1561937098,1561937788, -118.41561449691653, 34.04809677042067
WALKING,1561937788,1561937789, -118.4156091324985, 34.04811420477927
WALKING,1561937788,1561937791, -118.41560376808047, 34.0481195691973
RUNNING,1561941725,1561941727, -118.4136631898582, 34.04854620806873
RUNNING,1561941725,1561941729, -118.41334635391831, 34.04865735210478
RUNNING,1561941725,1561941742, -118.4136631898582, 34.04854620806873
RUNNING,1561941725,1561941744, -118.41334635391831, 34.04865735210478
RUNNING,1561941725,1561941773, -118.4133936278522, 34.04900738038123
RUNNING,1561941725,1561941856, -118.4133936278522, 34.04900738038123
RUNNING,1561941725,1561941951, -118.41350896283984, 34.04940971173346
RUNNING,1561941725,1561941954, -118.41354919597507, 34.049192452803254
RUNNING,1561941725,1561941988, -118.41752154752612, 34.04719420708716
IN_VEHICLE,1561941988,1561941989, -118.41943932697177, 34.048949712887406
IN_VEHICLE,1561941988,1561941992, -118.419841658324, 34.049590760841966
IN_VEHICLE,1561941988,1561942034, -118.41991944238544, 34.049828136339784
IN_VEHICLE,1561941988,1561942037, -118.42028958722949, 34.05026533640921
IN_VEHICLE,1561941988,1561942040, -118.42080457136035, 34.0507856849581
IN_VEHICLE,1561941988,1561942059, -118.42128468677402, 34.051198745146394
IN_VEHICLE,1561941988,1561942062, -118.42139465734363, 34.05129664577544
IN_VEHICLE,1561941988,1561942063, -118.42149121686816, 34.051649356260896
IN_VEHICLE,1561941988,1561942067, -118.42147244140506, 34.051623875275254
IN_VEHICLE,1561941988,1561942071, -118.42181039974093, 34.053019965067506
IN_VEHICLE,1561941988,1561942074, -118.42223418876529, 34.05297973193228
IN_VEHICLE,1561941988,1561942075, -118.42223418876529, 34.05297973193228
IN_VEHICLE,1561941988,1561942077, -118.42291010543704, 34.053551042452455
IN_VEHICLE,1561941988,1561942085, -118.42287791892886, 34.05467220582068
IN_VEHICLE,1561941988,1561942087, -118.42308713123202, 34.055042350664735
IN_VEHICLE,1561941988,1561942088, -118.42308713123202, 34.055042350664735
IN_VEHICLE,1561941988,1561942089, -118.42327756807208, 34.05566998757422
IN_VEHICLE,1561941988,1561942092, -118.42292888090014, 34.055876517668366
IN_VEHICLE,1561941988,1561942102, -118.42325074598193, 34.058161759749055
IN_VEHICLE,1561941988,1561942103, -118.42413319274783, 34.05803837813437
IN_VEHICLE,1561941988,1561942104, -118.42351896688342, 34.05705803073943
IN_VEHICLE,1561941988,1561942105, -118.42380596324801, 34.05780636705458
IN_VEHICLE,1561941988,1561942106, -118.42381669208407, 34.05780770815909
IN_VEHICLE,1561941988,1561942118, -118.42461062595248, 34.05859895981848
IN_VEHICLE,1561941988,1561942119, -118.42530800029635, 34.05662217177451
IN_VEHICLE,1561941988,1561942121, -118.42623604461551, 34.05637272633612
IN_VEHICLE,1561941988,1561942122, -118.42649890109897, 34.056097799912095
IN_VEHICLE,1561941988,1561942130, -118.42649890109897, 34.05608841218054
IN_VEHICLE,1561941988,1561942149, -118.42805994674563, 34.05492969788611
IN_VEHICLE,1561941988,1561942150, -118.42805994674563, 34.05493103899062
IN_VEHICLE,1561941988,1561942153, -118.4282691590488, 34.054637337103486
IN_VEHICLE,1561941988,1561942155, -118.4285588376224, 34.05464672483504
IN_VEHICLE,1561941988,1561942161, -118.42902822420001, 34.05430474318564
IN_VEHICLE,1561941988,1561942167, -118.429025541991, 34.054285967722535
IN_VEHICLE,1561941988,1561942168, -118.4294225089252, 34.053907776251435
IN_VEHICLE,1561941988,1561942169, -118.4297282807529, 34.053803170099854
IN_VEHICLE,1561941988,1561942171, -118.42973096296191, 34.05380048789084
IN_VEHICLE,1561941988,1561942175, -118.43499882146716, 34.04979326762259
IN_VEHICLE,1561941988,1561942176, -118.43632651492953, 34.04991396702826
IN_VEHICLE,1561941988,1561942179, -118.43632651492953, 34.04991396702826
IN_VEHICLE,1561941988,1561942181, -118.43658132478595, 34.04998906888068
IN_VEHICLE,1561941988,1561942182, -118.43730552121997, 34.05022376216948
IN_VEHICLE,1561941988,1561942261, -118.43730283901095, 34.05019694007933
IN_VEHICLE,1561941988,1561942262, -118.4377614967525, 34.05065828002989
IN_VEHICLE,1561941988,1561942263, -118.43815041705966, 34.05110620893538
IN_VEHICLE,1561941988,1561942267, -118.43851251527667, 34.05152597464621
IN_VEHICLE,1561941988,1561942292, -118.43851519748569, 34.051503175869584
IN_VEHICLE,1561941988,1561942293, -118.43888266012073, 34.05195512808859
IN_VEHICLE,1561941988,1561942296, -118.43899531289935, 34.05208387412131
IN_VEHICLE,1561941988,1561942299, -118.43926889821887, 34.05240439809859
IN_VEHICLE,1561941988,1561942302, -118.43948883935809, 34.05263909138739
IN_VEHICLE,1561941988,1561942303, -118.43995286151767, 34.05335792340338
IN_VEHICLE,1561941988,1561942305, -118.43996627256274, 34.05334719456732
IN_VEHICLE,1561941988,1561942307, -118.44034178182483, 34.0536677185446
IN_VEHICLE,1561941988,1561942308, -118.44043029472232, 34.053750867024064
IN_VEHICLE,1561941988,1561942311, -118.44085408374667, 34.05424171127379
IN_VEHICLE,1561941988,1561942314, -118.4394003264606, 34.052805388346314
IN_VEHICLE,1561941988,1561942315, -118.44121081754565, 34.05464538373053
IN_VEHICLE,1561941988,1561942317, -118.44137979671359, 34.054842526093125
IN_VEHICLE,1561941988,1561942318, -118.44155414029956, 34.05505039729178
IN_VEHICLE,1561941988,1561942354, -118.44281477853656, 34.05701511539519
WALKING,1561942579,1561942584, -118.44685418531299, 34.06063073314726
WALKING,1561942579,1561942622, -118.44694806262851, 34.0606910828501
WALKING,1561942579,1561942623, -118.44699902459979, 34.06075679697096
WALKING,1561942623,1561942750, -118.44617826864123, 34.05984618701041
WALKING,1561942623,1561942787, -118.44612998887897, 34.059826070442796
WALKING,1561942623,1561942812, -118.44565523788333, 34.05954577960074
WALKING,1561942623,1561942819, -118.44608975574374, 34.05974158085883
STATIONARY,1561942819,1561943663, -118.44599051401019, 34.05969195999205
STATIONARY,1561942819,1561943675, -118.44600124284625, 34.059694642201066
STATIONARY,1561942819,1561943676, -118.44605220481753, 34.05974560417235
WALKING,1561943676,1561943682, -118.4459368698299, 34.05958601273596
WALKING,1561943676,1561943683, -118.44633115455508, 34.06017073430121
WALKING,1561943676,1561943688, -118.4466396085918, 34.06044700182974
WALKING,1561943676,1561943689, -118.44657255336642, 34.060157323256135
WALKING,1561943676,1561943692, -118.44557477161288, 34.06034776009619
WALKING,1561943676,1561943693, -118.44555599614978, 34.060299480333924
WALKING,1561943676,1561943696, -118.44497395679355, 34.05987032689154
WALKING,1561943676,1561943702, -118.44375623390079, 34.059984320774674
WALKING,1561943676,1561943755, -118.44521267339587, 34.05976974405348
WALKING,1561943676,1561943756, -118.44451261684299, 34.0593580249697
WALKING,1561943676,1561943844, -118.44446433708072, 34.05933924950659
WALKING,1561943676,1561943846, -118.44449115917087, 34.05959942378104
WALKING,1561943676,1561943847, -118.44458503648639, 34.059463972225785
WALKING,1561943676,1561943858, -118.44443215057254, 34.05953102745116
WALKING,1561943676,1561944905, -118.44448579475284, 34.059527004137635
WALKING,1561943676,1561944951, -118.44444824382663, 34.05953370966017
WALKING,1561943676,1561944955, -118.44117863103747, 34.04798143543303
WALKING,1561944957,1561945048, -118.44363553449512, 34.05617424286902
WALKING,1561944957,1561945317, -118.44431949779391, 34.059049570932984
WALKING,1561945317,1561945320, -118.44448847696185, 34.059521639719605
WALKING,1561945317,1561945346, -118.44463599845767, 34.05933924950659
WALKING,1561945317,1561945349, -118.4444428794086, 34.05994006432593
WALKING,1561945317,1561945355, -118.44442142173648, 34.06017207540572
WALKING,1561945317,1561945491, -118.44502223655581, 34.06010636128485
WALKING,1561945317,1561945505, -118.44510538503528, 34.06033703126013
WALKING,1561945317,1561945510, -118.44531459733844, 34.060540879145265
WALKING,1561945317,1561945524, -118.44546748325229, 34.06097271479666
RUNNING,1561945524,1561945527, -118.44533873721957, 34.06003930605948
RUNNING,1561945524,1561945533, -118.4452529065311, 34.060393357649446
RUNNING,1561945524,1561945534, -118.4457035176456, 34.06103708781302
RUNNING,1561945524,1561945535, -118.44565792009234, 34.060634756460786
RUNNING,1561945524,1561945552, -118.44594491645694, 34.06115108169615
RUNNING,1561945524,1561945553, -118.44573570415378, 34.0603316668421
RUNNING,1561945524,1561945559, -118.44581348821521, 34.06057306565344
RUNNING,1561945524,1561945597, -118.4459020011127, 34.06047382391989
RUNNING,1561945524,1561945608, -118.44649208709598, 34.060236448422074
RUNNING,1561945524,1561945618, -118.44686491414905, 34.060634756460786
RUNNING,1561945524,1561945652, -118.4468032233417, 34.0606012288481
RUNNING,1561945524,1561945706, -118.44775272533298, 34.06176798976958
RUNNING,1561945524,1561945709, -118.44775540754199, 34.061758602038026
RUNNING,1561945524,1561945817, -118.44795389100909, 34.061927581205964
RUNNING,1561945524,1561945821, -118.44733430072665, 34.062378192320466
IN_VEHICLE,1561945828,1561945830, -118.44672543928027, 34.06259008683264
IN_VEHICLE,1561945828,1561945843, -118.44627482816577, 34.06258472241461
IN_VEHICLE,1561945828,1561945847, -118.44569278880954, 34.06257399357855
IN_VEHICLE,1561945828,1561945853, -118.44542725011706, 34.06234600581229
IN_VEHICLE,1561945828,1561945860, -118.44547284767032, 34.06216093339026
IN_VEHICLE,1561945828,1561945862, -118.44549162313342, 34.06157218851149
IN_VEHICLE,1561945828,1561945866, -118.44550771638751, 34.061428690329194
IN_VEHICLE,1561945828,1561945867, -118.44557208940387, 34.06091638840735
IN_VEHICLE,1561945828,1561945872, -118.44535483047366, 34.06038933433592
IN_VEHICLE,1561945828,1561945877, -118.44502223655581, 34.05999236740172
IN_VEHICLE,1561945828,1561945881, -118.44482911750674, 34.05975096859038
IN_VEHICLE,1561945828,1561945883, -118.44470037147403, 34.05960344709456
IN_VEHICLE,1561945828,1561945885, -118.44448579475284, 34.05935668386519
IN_VEHICLE,1561945828,1561945887, -118.44436241313815, 34.05922659672797
IN_VEHICLE,1561945828,1561945889, -118.44432218000293, 34.05914747156203
IN_VEHICLE,1561945828,1561945890, -118.44571692869067, 34.06012781895697
IN_VEHICLE,1561945828,1561945898, -118.4442631714046, 34.059064323082566
IN_VEHICLE,1561945828,1561945906, -118.443793784827, 34.058561408892274
IN_VEHICLE,1561945828,1561945913, -118.44325734302402, 34.05786135233939
IN_VEHICLE,1561945828,1561945919, -118.44304544851184, 34.05744024552405
IN_VEHICLE,1561945828,1561945921, -118.4429676644504, 34.05715459026396
IN_VEHICLE,1561945828,1561945932, -118.44109816476703, 34.05457564629614
IN_VEHICLE,1561945828,1561945966, -118.44110621139407, 34.05456223525107
IN_VEHICLE,1561945828,1561945967, -118.4411303512752, 34.0545675996691
IN_VEHICLE,1561945828,1561945968, -118.44023985788226, 34.05354299582541
IN_VEHICLE,1561945828,1561945969, -118.44098014757037, 34.054401302710176
IN_VEHICLE,1561945828,1561945971, -118.44052148982882, 34.0538836363703
IN_VEHICLE,1561945828,1561945974, -118.4403176419437, 34.053687835112214
IN_VEHICLE,1561945828,1561945975, -118.44018353149295, 34.05346521176398
IN_VEHICLE,1561945828,1561945976, -118.4398697130382, 34.053099090233445
IN_VEHICLE,1561945828,1561945979, -118.43944592401385, 34.052610928192735
IN_VEHICLE,1561945828,1561945980, -118.43945128843188, 34.05258276499808
IN_VEHICLE,1561945828,1561945982, -118.43928499147296, 34.05233063735068
IN_VEHICLE,1561945828,1561945983, -118.43928767368197, 34.05233600176871
IN_VEHICLE,1561945828,1561945988, -118.43858761712909, 34.05154072679579
IN_VEHICLE,1561945828,1561945992, -118.43814237043262, 34.05108877457678
IN_VEHICLE,1561945828,1561945994, -118.43790365383029, 34.05080714263022
IN_VEHICLE,1561945828,1561945995, -118.43780977651477, 34.0507132653147
IN_VEHICLE,1561945828,1561945999, -118.43744767829776, 34.05029618181288
IN_VEHICLE,1561945828,1561946000, -118.43736989423633, 34.05013927258551
IN_VEHICLE,1561945828,1561946063, -118.43721164390445, 34.04972487129271
IN_VEHICLE,1561945828,1561946067, -118.43726260587573, 34.04998772777617
IN_VEHICLE,1561945828,1561946205, -118.4315119497478, 34.043998355045915
IN_VEHICLE,1561945828,1561946206, -118.43151731416583, 34.04400506056845
IN_VEHICLE,1561945828,1561946210, -118.4321771375835, 34.0440855268389
IN_VEHICLE,1561945828,1561946218, -118.43168629333377, 34.04381730593741
IN_VEHICLE,1561945828,1561946225, -118.43121154233813, 34.04406406916678
IN_VEHICLE,1561945828,1561946232, -118.43032104894519, 34.04473998583853
IN_VEHICLE,1561945828,1561946236, -118.42973900958896, 34.04507794417441
IN_VEHICLE,1561945828,1561946238, -118.42755837365985, 34.044313514605165
IN_VEHICLE,1561945828,1561946239, -118.42927498742938, 34.04535689391196
IN_VEHICLE,1561945828,1561946242, -118.42888070270419, 34.04559561051428
IN_VEHICLE,1561945828,1561946243, -118.42873586341739, 34.04568010009825
IN_VEHICLE,1561945828,1561946259, -118.42822087928653, 34.04601135291159
IN_VEHICLE,1561945828,1561946263, -118.42765225097537, 34.046329194679856
IN_VEHICLE,1561945828,1561946265, -118.42741353437304, 34.04647403396666
IN_VEHICLE,1561945828,1561946266, -118.42737866565585, 34.04654779471457
IN_VEHICLE,1561945828,1561946267, -118.4271533600986, 34.04662289656699
IN_VEHICLE,1561945828,1561946271, -118.42661155387759, 34.0469487849623
IN_VEHICLE,1561945828,1561946272, -118.42647744342685, 34.047022545710206
IN_VEHICLE,1561945828,1561946275, -118.42607511207461, 34.04726662673056
IN_VEHICLE,1561945828,1561946278, -118.42559499666095, 34.047411466017365
IN_VEHICLE,1561945828,1561946279, -118.42551989480853, 34.04759117402136
IN_VEHICLE,1561945828,1561946286, -118.42431826516986, 34.048245633021
IN_VEHICLE,1561945828,1561946289, -118.42378986999393, 34.04854872263968
IN_VEHICLE,1561945828,1561946292, -118.423264157027, 34.04883571900427
IN_VEHICLE,1561945828,1561946294, -118.42285109683871, 34.04904090799391
IN_VEHICLE,1561945828,1561946295, -118.42267943546176, 34.04915221966803
IN_VEHICLE,1561945828,1561946298, -118.42214031144977, 34.04943116940558
IN_VEHICLE,1561945828,1561946301, -118.4215341322124, 34.04958137311041
IN_VEHICLE,1561945828,1561946302, -118.42138392850757, 34.0496511105448
IN_VEHICLE,1561945828,1561946305, -118.42101914808154, 34.049943471327424
IN_VEHICLE,1561946305,1561946308, -118.42058999463916, 34.050327027216554
IN_VEHICLE,1561946305,1561946325, -118.42045051977038, 34.05025192536414
IN_VEHICLE,1561946305,1561946326, -118.42007232829928, 34.050610000267625
IN_VEHICLE,1561946305,1561946329, -118.41962976381183, 34.050867492333055
IN_VEHICLE,1561946305,1561946384, -118.41946614906192, 34.05092650093138
IN_VEHICLE,1561946305,1561946385, -118.41343922540545, 34.049138808622956
IN_VEHICLE,1561946305,1561946386, -118.41959221288562, 34.04993542470038
IN_VEHICLE,1561946305,1561946467, -118.41438604518771, 34.05002796091139
IN_VEHICLE,1561946305,1561946518, -118.41441823169589, 34.050048077479005
IN_VEHICLE,1561946305,1561946520, -118.41377986595035, 34.04867478646338
IN_VEHICLE,1561946305,1561946523, -118.41349823400378, 34.04912271536887
STATIONARY,1561947239,1561947369, -118.41338021680713, 34.049160266295075
STATIONARY,1561947239,1561947378, -118.41338558122516, 34.04913344420493
STATIONARY,1561947239,1561947405, -118.41327829286456, 34.04895910061896
IN_VEHICLE,1561947480,1561947483, -118.41532213613391, 34.049702072516084
IN_VEHICLE,1561947480,1561947520, -118.41339899227023, 34.049071753397584
IN_VEHICLE,1561947713,1561947734, -118.41643257066607, 34.050026619806886
IN_VEHICLE,1561947713,1561947750, -118.41334803029895, 34.04907980002463
IN_VEHICLE,1561947713,1561947817, -118.41331584379077, 34.049034202471375
IN_VEHICLE,1561947713,1561947826, -118.41660423204303, 34.05002796091139
IN_VEHICLE,1561947713,1561947837, -118.41338021680713, 34.049039566889405
IN_VEHICLE,1561947713,1561947912, -118.41224832460284, 34.04737659730017
STATIONARY,1561951859,1561951875, -118.41224832460284, 34.04737659730017
STATIONARY,1561952685,1561952742, -118.41334635391831, 34.04865735210478
STATIONARY,1561952685,1561952745, -118.4136631898582, 34.04854620806873
STATIONARY,1561952685,1561952757, -118.41334635391831, 34.04865735210478
STATIONARY,1561952685,1561952769, -118.4136631898582, 34.04854620806873
STATIONARY,1561952685,1561952772, -118.4136631898582, 34.04854620806873
STATIONARY,1561952685,1561953260, -118.4136631898582, 34.04854620806873
STATIONARY,1561952685,1561953262, -118.41344190761447, 34.049050295725465
STATIONARY,1561952685,1561953476, -118.41334635391831, 34.04865735210478
STATIONARY,1561952685,1561953477, -118.4136631898582, 34.04854620806873
STATIONARY,1561952685,1561953598, -118.4136631898582, 34.04854620806873
STATIONARY,1561952685,1561953606, -118.41334635391831, 34.04865735210478
STATIONARY,1561952685,1561953645, -118.4136631898582, 34.04854620806873
STATIONARY,1561952685,1561953673, -118.41334635391831, 34.04865735210478
STATIONARY,1561952685,1561953738, -118.4136631898582, 34.04854620806873
ON_BICYCLE,1561953738,1561953739, -118.41344190761447, 34.049050295725465
ON_BICYCLE,1561953738,1561953743, -118.41334635391831, 34.04865735210478
ON_BICYCLE,1561953738,1561953755, -118.4136631898582, 34.04854620806873
ON_BICYCLE,1561953738,1561953764, -118.41334635391831, 34.04865735210478
ON_BICYCLE,1561953738,1561953769, -118.4136631898582, 34.04854620806873
ON_BICYCLE,1561953738,1561953780, -118.41334635391831, 34.04865735210478
ON_BICYCLE,1561953738,1561953784, -118.4136631898582, 34.04854620806873
ON_BICYCLE,1561953738,1561953796, -118.41334635391831, 34.04865735210478
ON_BICYCLE,1561953738,1561953800, -118.4136631898582, 34.04854620806873
ON_BICYCLE,1561953738,1561953812, -118.41334635391831, 34.04865735210478
ON_BICYCLE,1561953738,1561953815, -118.4136631898582, 34.04854620806873
ON_BICYCLE,1561953738,1561953827, -118.41334635391831, 34.04865735210478
ON_BICYCLE,1561953738,1561953831, -118.4136631898582, 34.04854620806873
ON_BICYCLE,1561953738,1561953843, -118.41334635391831, 34.04865735210478
ON_BICYCLE,1561953738,1561953846, -118.4136631898582, 34.04854620806873
ON_BICYCLE,1561953738,1561953859, -118.41334635391831, 34.04865735210478
ON_BICYCLE,1561953738,1561953862, -118.4136631898582, 34.04854620806873
ON_BICYCLE,1561953738,1561953875, -118.41334635391831, 34.04865735210478
ON_BICYCLE,1561953738,1561953878, -118.4136631898582, 34.04854620806873
ON_BICYCLE,1561953738,1561953891, -118.41334635391831, 34.04865735210478
ON_BICYCLE,1561953738,1561953894, -118.4136631898582, 34.04854620806873
ON_BICYCLE,1561953738,1561953907, -118.41334635391831, 34.04865735210478
ON_BICYCLE,1561953738,1561953910, -118.4136631898582, 34.04854620806873
ON_BICYCLE,1561953738,1561953922, -118.41334635391831, 34.04865735210478
ON_BICYCLE,1561953738,1561953925, -118.4134284965694, 34.049019450321794
WALKING,1561953925,1561954265, -118.41334635391831, 34.04865735210478
WALKING,1561953925,1561954513, -118.41458989307284, 34.04924609698355
WALKING,1561953925,1561954514, -118.41334635391831, 34.04865735210478
WALKING,1561953925,1561954517, -118.4134261496365, 34.049022970721126
WALKING,1561953925,1561954528, -118.4136631898582, 34.04854620806873
WALKING,1561953925,1561954530, -118.41334635391831, 34.04865735210478
WALKING,1561953925,1561954544, -118.4136631898582, 34.04854620806873
STATIONARY,1561956312,1561956600, -118.41343654319644, 34.0490020159632
STATIONARY,1561956312,1561956604, -118.41339295729995, 34.04915406368673
STATIONARY,1561956312,1561956608, -118.41342044994235, 34.04911735095084
STATIONARY,1561956312,1561956616, -118.41331584379077, 34.049077117815614
STATIONARY,1561956312,1561956620, -118.41334702447057, 34.04911902733147
STATIONARY,1561956312,1561956621, -118.41339295729995, 34.04915406368673
STATIONARY,1561956312,1561956623, -118.4133748523891, 34.049124056473374
STATIONARY,1561956312,1561957520, -118.41342581436038, 34.04909857548773
STATIONARY,1561956312,1561957526, -118.41343386098742, 34.04910393990576
STATIONARY,1561956312,1561957981, -118.41342581436038, 34.04909857548773
WALKING,1561957981,1561958319, -118.41415537521243, 34.049154901877046
WALKING,1561957981,1561958322, -118.41334635391831, 34.04865735210478
WALKING,1561957981,1561958323, -118.41340703889728, 34.04906370677054
STATIONARY,1561958323,1561958332, -118.41341776773334, 34.04906504787505
STATIONARY,1561958323,1561958354, -118.41342581436038, 34.04909857548773
STATIONARY,1561958323,1561958356, -118.41344190761447, 34.04910125769675
STATIONARY,1561958323,1561958357, -118.41336948797107, 34.049012744799256
STATIONARY,1561958323,1561958367, -118.41335071250796, 34.04899128712714
STATIONARY,1561958323,1561958460, -118.41336948797107, 34.049012744799256
STATIONARY,1561958323,1561958502, -118.41343654319644, 34.04909857548773
STATIONARY,1561958323,1561958519, -118.41335071250796, 34.04899128712714
STATIONARY,1561958519,1561959725, -118.41224832460284, 34.04737659730017
STATIONARY,1561959725,1561959963, -118.41224832460284, 34.04737659730017
STATIONARY,1561959725,1561960105, -118.41224832460284, 34.04737659730017
STATIONARY,1561959725,1561960527, -118.41224832460284, 34.04737659730017
STATIONARY,1561959725,1561960875, -118.41224832460284, 34.04737659730017
STATIONARY,1561959725,1561961349, -118.41224832460284, 34.04737659730017
STATIONARY,1561959725,1561961416, -118.41224832460284, 34.04737659730017
STATIONARY,1561959725,1561962088, -118.41224832460284, 34.04737659730017
STATIONARY,1561959725,1561962261, -118.41224832460284, 34.04737659730017
STATIONARY,1561959725,1561962276, -118.41224832460284, 34.04737659730017
STATIONARY,1561959725,1561962292, -118.41224832460284, 34.04737659730017
STATIONARY,1561959725,1561962647, -118.41224832460284, 34.04737659730017
STATIONARY,1561959725,1561962716, -118.41224832460284, 34.04737659730017
STATIONARY,1561959725,1561962772, -118.41224832460284, 34.04737659730017
STATIONARY,1561959725,1561963059, -118.41224832460284, 34.04737659730017
IN_VEHICLE,1561946305,1561946305, -118.42101914808154, 34.049943471327424
IN_VEHICLE,1561947408,1561947408, -118.4133748523891, 34.04906907118857
IN_VEHICLE,1561947480,1561947480, -118.41341776773334, 34.04909991659224
IN_VEHICLE,1561951411,1561951411, -118.41323805972934, 34.048940325155854
NO_ACTIVITY,1561944955,1561944955,NULL
NO_ACTIVITY,1561947408,1561947408,NULL
ON_BICYCLE,1561942354,1561942354, -118.44281477853656, 34.05701511539519
ON_BICYCLE,1561953738,1561953738, -118.4136631898582, 34.04854620806873
RUNNING,1561890802,1561890802, -118.4136631898582, 34.04854620806873
RUNNING,1561945524,1561945524, -118.44546748325229, 34.06097271479666
RUNNING,1561946523,1561946523, -118.41349823400378, 34.04912271536887
STATIONARY,1561878349,1561878349, -118.41224832460284, 34.04737659730017
STATIONARY,1561882810,1561882810, -118.41224832460284, 34.04737659730017
STATIONARY,1561908858,1561908858, -118.41342044994235, 34.049071753397584
STATIONARY,1561912823,1561912823, -118.41351700946689, 34.04902615584433
STATIONARY,1561938137,1561938137, -118.41340167447925, 34.04904627241194
STATIONARY,1561942819,1561942819, -118.44608975574374, 34.05974158085883
STATIONARY,1561947912,1561947912, -118.41224832460284, 34.04737659730017
STATIONARY,1561950948,1561950948, -118.4134284965694, 34.04907041229308
STATIONARY,1561951875,1561951875, -118.41224832460284, 34.04737659730017
STATIONARY,1561952685,1561952685, -118.4133936278522, 34.04907041229308
STATIONARY,1561954544,1561954544, -118.4136631898582, 34.04854620806873
STATIONARY,1561959725,1561959725, -118.41224832460284, 34.04737659730017
STATIONARY,1561963059,1561963059, -118.41224832460284, 34.04737659730017
WALKING,1561937791,1561937791, -118.41560376808047, 34.0481195691973
WALKING,1561942579,1561942579, -118.44685954973102, 34.06065353192389
WALKING,1561942623,1561942623, -118.44699902459979, 34.06075679697096
WALKING,1561943676,1561943676, -118.44605220481753, 34.05974560417235
WALKING,1561950312,1561950312, -118.41224832460284, 34.04737659730017
WALKING,1561953925,1561953925, -118.4134284965694, 34.049019450321794
WALKING,1561955468,1561955468, -118.41224832460284, 34.04737659730017
STATIONARY,1561885391,1561887626, -118.4136631898582, 34.04854620806873
STATIONARY,1561885391,1561890802, -118.4136631898582, 34.04854620806873
STATIONARY,1561890877,1561890935, -118.41224832460284, 34.04737659730017
WALKING,1561890935,1561890936, -118.41300202533603, 34.04899983666837
WALKING,1561890935,1561891271, -118.41345800086856, 34.049039566889405
STATIONARY,1561891271,1561891473, -118.41345800086856, 34.04906907118857
STATIONARY,1561891271,1561891504, -118.41344492509961, 34.04904962517321
STATIONARY,1561891271,1561892397, -118.41349555179477, 34.04907980002463
STATIONARY,1561891271,1561892399, -118.4134472720325, 34.049071753397584
STATIONARY,1561891271,1561892407, -118.41344693675637, 34.04907393269241
STATIONARY,1561891271,1561892410, -118.4134472720325, 34.04907309450209
STATIONARY,1561891271,1561892413, -118.4134472720325, 34.04907309450209
STATIONARY,1561891271,1561892416, -118.41345531865954, 34.0490744356066
STATIONARY,1561891271,1561892419, -118.41344458982348, 34.049050295725465
STATIONARY,1561891271,1561892435, -118.41342044994235, 34.049071753397584
STATIONARY,1561900983,1561900987, -118.41341508552432, 34.04907493852079
STATIONARY,1561900983,1561901182, -118.41342044994235, 34.049071753397584
STATIONARY,1561908858,1561909046, -118.41351700946689, 34.04902615584433
STATIONARY,1561912823,1561913016, -118.41351700946689, 34.04902615584433
STATIONARY,1561912823,1561916471, -118.41345800086856, 34.049039566889405
STATIONARY,1561912823,1561918422, -118.41351700946689, 34.04902615584433
STATIONARY,1561925745,1561925761, -118.41343386098742, 34.049071753397584
STATIONARY,1561925745,1561925764, -118.4134284965694, 34.04908918775618
STATIONARY,1561925745,1561925766, -118.41342313215137, 34.04908248223364
STATIONARY,1561925745,1561925975, -118.4134160913527, 34.049083990976214
STATIONARY,1561925745,1561926875, -118.4134160913527, 34.049083990976214
STATIONARY,1561925745,1561926878, -118.4134348668158, 34.049063036218286
STATIONARY,1561931784,1561931976, -118.4134348668158, 34.049063036218286
STATIONARY,1561931784,1561933470, -118.41343386098742, 34.049062030389905
STATIONARY,1561931784,1561933651, -118.41343386098742, 34.049062030389905
STATIONARY,1561931784,1561933840, -118.41335305944085, 34.04894803650677
STATIONARY,1561931784,1561936934, -118.41335875913501, 34.048940325155854
STATIONARY,1561931784,1561936953, -118.41341709718108, 34.04907192103565
STATIONARY,1561931784,1561936962, -118.41341776773334, 34.04908382333815
STATIONARY,1561931784,1561936965, -118.41341508552432, 34.04907041229308
STATIONARY,1561931784,1561937098, -118.41349286958575, 34.04898592270911
WALKING,1561937791,1561937795, -118.41497076675296, 34.048529947176576
WALKING,1561937791,1561937808, -118.41501636430621, 34.04855945147574
WALKING,1561937791,1561937876, -118.41410441324115, 34.04896178282797
WALKING,1561937791,1561937952, -118.41411245986819, 34.04895373620093
WALKING,1561937791,1561937953, -118.41347409412265, 34.049423122778535
WALKING,1561937791,1561938084, -118.41338289901614, 34.04906773008406
WALKING,1561937791,1561938085, -118.41351902112365, 34.049469055607915
WALKING,1561937791,1561938137, -118.41340167447925, 34.04904627241194
STATIONARY,1561938137,1561939023, -118.41339899227023, 34.049039566889405
STATIONARY,1561938137,1561939026, -118.41340435668826, 34.04903286136687
STATIONARY,1561938137,1561939039, -118.41339899227023, 34.04901106841862
STATIONARY,1561938137,1561939048, -118.41339899227023, 34.04901106841862
STATIONARY,1561938137,1561939182, -118.41345263645053, 34.04909589327872
STATIONARY,1561938137,1561939207, -118.41343654319644, 34.049077117815614
STATIONARY,1561938137,1561939239, -118.41345263645053, 34.049097234383225
STATIONARY,1561938137,1561941025, -118.41345263645053, 34.049097234383225
STATIONARY,1561938137,1561941211, -118.41343654319644, 34.04916831292212
STATIONARY,1561938137,1561941217, -118.41327292844653, 34.049003357067704
STATIONARY,1561938137,1561941542, -118.41339631006122, 34.04909991659224
STATIONARY,1561938137,1561941725, -118.41339631006122, 34.04909857548773
ON_BICYCLE,1561942354,1561942355, -118.44281477853656, 34.05701511539519
ON_BICYCLE,1561942354,1561942358, -118.44301862642169, 34.057504618540406
ON_BICYCLE,1561942354,1561942364, -118.44326002523303, 34.058361584320664
ON_BICYCLE,1561942354,1561942365, -118.44346387311816, 34.058502400293946
ON_BICYCLE,1561942354,1561942367, -118.44349337741733, 34.058812195435166
ON_BICYCLE,1561942354,1561942489, -118.44540311023593, 34.059248054400086
ON_BICYCLE,1561942354,1561942490, -118.44540311023593, 34.059248054400086
ON_BICYCLE,1561942354,1561942493, -118.44556672498584, 34.058759892359376
ON_BICYCLE,1561942354,1561942495, -118.44571156427264, 34.05930035747588
ON_BICYCLE,1561942354,1561942496, -118.4457035176456, 34.06012245453894
ON_BICYCLE,1561942354,1561942499, -118.44602001830935, 34.05970671214163
ON_BICYCLE,1561942354,1561942500, -118.44658328220248, 34.06055294908583
ON_BICYCLE,1561942354,1561942506, -118.44624264165759, 34.05986764468253
ON_BICYCLE,1561942354,1561942565, -118.44602538272738, 34.06053819693625
ON_BICYCLE,1561942354,1561942579, -118.44685954973102, 34.06065353192389
STATIONARY,1561944956,1561944957, -118.4446064941585, 34.05960478819907
RUNNING,1561945821,1561945822, -118.44725115224719, 34.06234064139426
RUNNING,1561945821,1561945828, -118.44717873260379, 34.06230309046805
RUNNING,1561946523,1561946586, -118.4149063937366, 34.0495250467211
RUNNING,1561946523,1561946590, -118.41362161561847, 34.049275601282716
RUNNING,1561946523,1561946604, -118.41347945854068, 34.04946872033179
RUNNING,1561946523,1561946647, -118.41347945854068, 34.04946872033179
RUNNING,1561946523,1561946654, -118.41336948797107, 34.049075776711106
RUNNING,1561946523,1561946682, -118.41339094564319, 34.049160266295075
RUNNING,1561946523,1561946733, -118.41338558122516, 34.04913344420493
RUNNING,1561946523,1561946796, -118.4133399836719, 34.04906236566603
RUNNING,1561946523,1561946825, -118.41787291690707, 34.05119472183287
RUNNING,1561946523,1561947239, -118.41332657262683, 34.049138808622956
IN_VEHICLE,1561947405,1561947407, -118.41687513515353, 34.0502814296633
IN_VEHICLE,1561947408,1561947410, -118.41550452634692, 34.04973694123328
IN_VEHICLE,1561947408,1561947471, -118.41341508552432, 34.04913076199591
STATIONARY,1561947471,1561947480, -118.41341776773334, 34.04909991659224
STATIONARY,1561947520,1561947529, -118.41336680576205, 34.04908784665167
STATIONARY,1561947520,1561947713, -118.41335875913501, 34.049055660143495
STATIONARY,1561947912,1561948009, -118.41224832460284, 34.04737659730017
STATIONARY,1561947912,1561948119, -118.41224832460284, 34.04737659730017
STATIONARY,1561947912,1561948135, -118.41224832460284, 34.04737659730017
STATIONARY,1561947912,1561948465, -118.41224832460284, 34.04737659730017
STATIONARY,1561947912,1561948767, -118.41224832460284, 34.04737659730017
STATIONARY,1561947912,1561949373, -118.41224832460284, 34.04737659730017
STATIONARY,1561947912,1561949580, -118.41224832460284, 34.04737659730017
STATIONARY,1561947912,1561949896, -118.41224832460284, 34.04737659730017
STATIONARY,1561947912,1561949912, -118.41224832460284, 34.04737659730017
STATIONARY,1561947912,1561950072, -118.41224832460284, 34.04737659730017
STATIONARY,1561947912,1561950312, -118.41224832460284, 34.04737659730017
WALKING,1561950312,1561950467, -118.41338021680713, 34.049039566889405
WALKING,1561950312,1561950468, -118.4136631898582, 34.04854620806873
WALKING,1561950312,1561950492, -118.4136631898582, 34.04854620806873
WALKING,1561950312,1561950521, -118.41334635391831, 34.04865735210478
WALKING,1561950312,1561950593, -118.4133936278522, 34.04907041229308
WALKING,1561950312,1561950609, -118.41334635391831, 34.04865735210478
WALKING,1561950312,1561950675, -118.4136631898582, 34.04854620806873
WALKING,1561950312,1561950948, -118.4134284965694, 34.04907041229308
STATIONARY,1561950948,1561951385, -118.41336680576205, 34.049008721485734
STATIONARY,1561950948,1561951411, -118.41323805972934, 34.048940325155854
IN_VEHICLE,1561951411,1561951412, -118.41659618541598, 34.05048795975745
IN_VEHICLE,1561951411,1561951513, -118.41332657262683, 34.04907309450209
IN_VEHICLE,1561951411,1561951515, -118.41331852599978, 34.04906504787505
IN_VEHICLE,1561951411,1561951520, -118.4133936278522, 34.04907041229308
IN_VEHICLE,1561951411,1561951521, -118.41325415298343, 34.048971170559525
IN_VEHICLE,1561951411,1561951527, -118.41337753459811, 34.049039566889405
IN_VEHICLE,1561951411,1561951625, -118.41337753459811, 34.04905834235251
IN_VEHICLE,1561951411,1561951658, -118.41334635391831, 34.04865735210478
IN_VEHICLE,1561951411,1561951659, -118.4136631898582, 34.04854620806873
IN_VEHICLE,1561951411,1561951692, -118.4133936278522, 34.04907041229308
STATIONARY,1561951692,1561951694, -118.41339496895671, 34.04907192103565
IN_VEHICLE,1561951694,1561951748, -118.4136631898582, 34.04854620806873
IN_VEHICLE,1561951694,1561951750, -118.41334635391831, 34.04865735210478
IN_VEHICLE,1561951694,1561951764, -118.4136631898582, 34.04854620806873
IN_VEHICLE,1561951694,1561951765, -118.41334635391831, 34.04865735210478
IN_VEHICLE,1561951694,1561951780, -118.4136631898582, 34.04854620806873
IN_VEHICLE,1561951694,1561951781, -118.41334635391831, 34.04865735210478
IN_VEHICLE,1561951694,1561951796, -118.4136631898582, 34.04854620806873
IN_VEHICLE,1561951694,1561951812, -118.41224832460284, 34.04737659730017
IN_VEHICLE,1561951694,1561951827, -118.4136631898582, 34.04854620806873
IN_VEHICLE,1561951694,1561951828, -118.41334635391831, 34.04865735210478
IN_VEHICLE,1561951694,1561951843, -118.4136631898582, 34.04854620806873
IN_VEHICLE,1561951694,1561951844, -118.41334635391831, 34.04865735210478
IN_VEHICLE,1561951694,1561951859, -118.41224832460284, 34.04737659730017
STATIONARY,1561951875,1561951876, -118.4133936278522, 34.04907041229308
STATIONARY,1561951875,1561951879, -118.4136631898582, 34.04854620806873
STATIONARY,1561951875,1561952685, -118.4133936278522, 34.04907041229308
STATIONARY,1561954544,1561954649, -118.4136631898582, 34.04854620806873
WALKING,1561954649,1561954652, -118.41334635391831, 34.04865735210478
WALKING,1561954649,1561955252, -118.4136631898582, 34.04854620806873
WALKING,1561954649,1561955254, -118.41334635391831, 34.04865735210478
WALKING,1561954649,1561955374, -118.4136631898582, 34.04854620806873
WALKING,1561954649,1561955375, -118.41334635391831, 34.04865735210478
WALKING,1561954649,1561955388, -118.4136631898582, 34.04854620806873
WALKING,1561954649,1561955391, -118.4134284965694, 34.049019450321794
WALKING,1561954649,1561955404, -118.41334635391831, 34.04865735210478
WALKING,1561954649,1561955407, -118.4136631898582, 34.04854620806873
WALKING,1561954649,1561955419, -118.41334635391831, 34.04865735210478
WALKING,1561954649,1561955423, -118.4134284965694, 34.049019450321794
WALKING,1561954649,1561955436, -118.41224832460284, 34.04737659730017
STATIONARY,1561955436,1561955452, -118.41224832460284, 34.04737659730017
STATIONARY,1561955436,1561955468, -118.41224832460284, 34.04737659730017
WALKING,1561955468,1561956186, -118.41334635391831, 34.04865735210478
WALKING,1561955468,1561956217, -118.4136631898582, 34.04854620806873
WALKING,1561955468,1561956221, -118.41334635391831, 34.04865735210478
WALKING,1561955468,1561956233, -118.4136631898582, 34.04854620806873
WALKING,1561955468,1561956237, -118.41334635391831, 34.04865735210478
WALKING,1561955468,1561956248, -118.4136631898582, 34.04854620806873
WALKING,1561955468,1561956253, -118.41334635391831, 34.04865735210478
WALKING,1561955468,1561956264, -118.4136631898582, 34.04854620806873
WALKING,1561955468,1561956269, -118.41334635391831, 34.04865735210478
WALKING,1561955468,1561956280, -118.4136631898582, 34.04854620806873
WALKING,1561955468,1561956300, -118.4136631898582, 34.04854620806873
WALKING,1561955468,1561956312, -118.41344023123384, 34.049011236056685
STATIONARY,1561963059,1561963858, -118.41334635391831, 34.04865735210478
IN_VEHICLE,1561941988,1561941988, -118.41752154752612, 34.04719420708716
IN_VEHICLE,1561945828,1561945828, -118.44717873260379, 34.06230309046805
IN_VEHICLE,1561947405,1561947405, -118.41327829286456, 34.04895910061896
IN_VEHICLE,1561947713,1561947713, -118.41335875913501, 34.049055660143495
IN_VEHICLE,1561951694,1561951694, -118.41339496895671, 34.04907192103565
NO_ACTIVITY,1561947407,1561947407,NULL
NO_ACTIVITY,1561963858,1561963858,NULL
RUNNING,1561941725,1561941725, -118.41339631006122, 34.04909857548773
RUNNING,1561945821,1561945821, -118.44733430072665, 34.062378192320466
STATIONARY,1561885391,1561885391, -118.4136631898582, 34.04854620806873
STATIONARY,1561890877,1561890877, -118.41224832460284, 34.04737659730017
STATIONARY,1561891271,1561891271, -118.41345800086856, 34.049039566889405
STATIONARY,1561900983,1561900983, -118.41342044994235, 34.049071753397584
STATIONARY,1561925745,1561925745, -118.4134284965694, 34.04908918775618
STATIONARY,1561931784,1561931784, -118.41344190761447, 34.049061024561524
STATIONARY,1561944956,1561944956, -118.4446064941585, 34.05960478819907
STATIONARY,1561947239,1561947239, -118.41332657262683, 34.049138808622956
STATIONARY,1561947471,1561947471, -118.41341508552432, 34.04913076199591
STATIONARY,1561947520,1561947520, -118.41339899227023, 34.049071753397584
STATIONARY,1561951692,1561951692, -118.4133936278522, 34.04907041229308
STATIONARY,1561951859,1561951859, -118.41224832460284, 34.04737659730017
STATIONARY,1561955436,1561955436, -118.41224832460284, 34.04737659730017
STATIONARY,1561956312,1561956312, -118.41344023123384, 34.049011236056685
STATIONARY,1561958323,1561958323, -118.41340703889728, 34.04906370677054
STATIONARY,1561958519,1561958519, -118.41335071250796, 34.04899128712714
WALKING,1561890935,1561890935, -118.41224832460284, 34.04737659730017
WALKING,1561937098,1561937098, -118.41349286958575, 34.04898592270911
WALKING,1561937788,1561937788, -118.41561449691653, 34.04809677042067
WALKING,1561944957,1561944957, -118.4446064941585, 34.05960478819907
WALKING,1561945317,1561945317, -118.44431949779391, 34.059049570932984
WALKING,1561954649,1561954649, -118.4136631898582, 34.04854620806873
WALKING,1561957981,1561957981, -118.41342581436038, 34.04909857548773
